initiator_ip,responder_ip,protocol,duration,total_bytes,total_packets,byte_ratio,packet_ratio
192.168.29.190,57.155.141.113,TCP,0.0,54,1,1.0,1.0
192.168.29.190,192.168.29.1,TCP,0.084958,864,13,0.49074074074074076,0.5384615384615384
192.168.29.190,192.168.29.1,TCP,0.097614,842,13,0.503562945368171,0.5384615384615384
192.168.29.190,192.168.29.1,TCP,0.098507,830,13,0.5108433734939759,0.5384615384615384
192.168.29.190,192.168.29.1,TCP,0.081945,872,13,0.5022935779816514,0.5384615384615384
192.168.29.190,192.168.29.1,TCP,0.082284,850,13,0.5152941176470588,0.5384615384615384
192.168.29.190,192.168.29.1,TCP,0.095831,838,13,0.522673031026253,0.5384615384615384
192.168.29.190,192.168.29.1,TCP,0.082598,803,13,0.5242839352428393,0.5384615384615384
192.168.29.190,192.168.29.1,TCP,0.111946,900,13,0.4677777777777778,0.5384615384615384
192.168.29.190,192.168.29.1,TCP,0.097429,804,13,0.5236318407960199,0.5384615384615384
192.168.29.190,192.168.29.1,TCP,0.094936,902,13,0.48226164079822614,0.5384615384615384
192.168.29.190,192.168.29.1,TCP,0.087974,873,13,0.49828178694158076,0.5384615384615384
192.168.29.190,192.168.29.1,TCP,0.104769,861,13,0.5052264808362369,0.5384615384615384
192.168.29.190,192.168.29.1,TCP,0.054136,899,14,0.5283648498331479,0.5714285714285714
192.168.29.190,192.168.29.1,TCP,0.05425,954,14,0.4979035639412998,0.5714285714285714
192.168.29.190,192.168.29.1,TCP,0.053254,1002,14,0.4740518962075848,0.5714285714285714
192.168.29.190,192.168.29.1,TCP,0.137546,846,13,0.5023640661938534,0.5384615384615384
192.168.29.190,192.168.29.1,TCP,0.138099,824,13,0.5157766990291263,0.5384615384615384
192.168.29.190,192.168.29.1,TCP,0.096234,866,14,0.5531177829099307,0.5714285714285714
192.168.29.190,192.168.29.1,TCP,0.143139,825,13,0.5175757575757576,0.5384615384615384
192.168.29.190,192.168.29.1,TCP,0.160646,828,13,0.5157004830917874,0.5384615384615384
192.168.29.190,192.168.29.1,TCP,0.171212,816,13,0.5232843137254902,0.5384615384615384
192.168.29.190,140.82.113.21,TCP,0.0,66,1,1.0,1.0
192.168.29.190,192.168.29.1,TCP,0.081943,845,13,0.5171597633136095,0.5384615384615384
192.168.29.190,192.168.29.1,TCP,0.098741,848,13,0.5153301886792453,0.5384615384615384
192.168.29.190,192.168.29.1,TCP,0.097744,836,13,0.5227272727272727,0.5384615384615384
192.168.29.190,192.168.29.1,TCP,0.088499,884,13,0.501131221719457,0.5384615384615384
192.168.29.190,192.168.29.1,TCP,0.105194,890,13,0.49775280898876406,0.5384615384615384
192.168.29.190,192.168.29.1,TCP,0.080582,878,13,0.5045558086560364,0.5384615384615384
192.168.29.190,192.168.29.1,TCP,0.0926,765,12,0.48366013071895425,0.5
192.168.29.190,192.168.29.1,TCP,0.07397,876,14,0.545662100456621,0.5714285714285714
192.168.29.190,192.168.29.1,TCP,0.075625,976,14,0.48975409836065575,0.5714285714285714
192.168.29.190,192.168.29.1,TCP,0.143001,823,13,0.5176184690157959,0.5384615384615384
192.168.29.190,192.168.29.1,TCP,0.078683,880,14,0.5454545454545454,0.5714285714285714
192.168.29.190,192.168.29.1,TCP,0.137578,814,13,0.5233415233415234,0.5384615384615384
192.168.29.190,192.168.29.1,TCP,0.076231,903,14,0.5282392026578073,0.5714285714285714
192.168.29.190,192.168.29.1,TCP,0.135328,904,13,0.46792035398230086,0.5384615384615384
192.168.29.190,192.168.29.1,TCP,0.142388,952,13,0.44432773109243695,0.5384615384615384
192.168.29.190,192.168.29.1,TCP,0.120124,912,13,0.4824561403508772,0.5384615384615384
192.168.29.190,192.168.29.1,TCP,0.109465,912,13,0.4824561403508772,0.5384615384615384
192.168.29.190,192.168.29.1,TCP,0.121676,842,13,0.5225653206650831,0.5384615384615384
192.168.29.190,20.244.99.23,TCP,0.23243,4426,14,0.7557614098508811,0.5
192.168.29.190,192.168.29.1,TCP,0.075516,1025,13,0.4146341463414634,0.5384615384615384
192.168.29.190,192.168.29.1,TCP,0.076832,1025,13,0.4146341463414634,0.5384615384615384
192.168.29.190,192.168.29.1,TCP,0.105351,989,13,0.42972699696663297,0.5384615384615384
192.168.29.190,104.18.156.37,TCP,0.021097,121,2,0.45454545454545453,0.5
192.168.29.190,192.168.29.1,TCP,0.095982,875,12,0.44685714285714284,0.5
192.168.29.190,192.168.29.1,TCP,0.075579,1002,14,0.49800399201596807,0.5714285714285714
192.168.29.190,192.168.29.1,TCP,0.078592,954,14,0.5230607966457023,0.5714285714285714
192.168.29.190,192.168.29.1,TCP,0.081937,938,14,0.5138592750533049,0.5714285714285714
192.168.29.190,192.168.29.1,TCP,0.084812,912,14,0.5285087719298246,0.5714285714285714
192.168.29.190,192.168.29.1,TCP,0.084843,888,14,0.5427927927927928,0.5714285714285714
192.168.29.190,192.168.29.1,TCP,0.088161,940,14,0.5106382978723404,0.5714285714285714
192.168.29.190,192.168.29.1,TCP,0.088428,938,14,0.511727078891258,0.5714285714285714
192.168.29.190,192.168.29.1,TCP,0.116606,914,14,0.5251641137855579,0.5714285714285714
192.168.29.190,192.168.29.1,TCP,0.1148,913,14,0.5257393209200438,0.5714285714285714
192.168.29.190,192.168.29.1,TCP,0.113561,962,15,0.498960498960499,0.5333333333333333
192.168.29.190,192.168.29.1,TCP,0.115911,884,14,0.5429864253393665,0.5714285714285714
192.168.29.190,192.168.29.1,TCP,0.121597,853,13,0.49824150058616645,0.5384615384615384
192.168.29.190,192.168.29.1,TCP,0.151041,824,13,0.5157766990291263,0.5384615384615384
192.168.29.190,192.168.29.1,TCP,0.150034,812,13,0.5233990147783252,0.5384615384615384
192.168.29.190,192.168.29.1,TCP,0.044695,938,14,0.5159914712153518,0.5714285714285714
192.168.29.190,192.168.29.1,TCP,0.048346,916,14,0.5283842794759825,0.5714285714285714
192.168.29.190,192.168.29.1,TCP,0.047061,904,14,0.5353982300884956,0.5714285714285714
192.168.29.190,192.168.29.1,TCP,0.109929,870,13,0.496551724137931,0.5384615384615384
192.168.29.190,192.168.29.1,TCP,0.122495,838,13,0.5155131264916468,0.5384615384615384
192.168.29.190,192.168.29.1,TCP,0.109313,826,13,0.5230024213075061,0.5384615384615384
192.168.29.190,192.168.29.1,TCP,0.084113,913,13,0.4786418400876232,0.5384615384615384
192.168.29.190,192.168.29.1,TCP,0.096094,848,13,0.5153301886792453,0.5384615384615384
192.168.29.190,192.168.29.1,TCP,0.082982,836,13,0.5227272727272727,0.5384615384615384
192.168.29.190,192.168.29.1,TCP,0.088515,856,13,0.5070093457943925,0.5384615384615384
192.168.29.190,192.168.29.1,TCP,0.081233,842,13,0.5154394299287411,0.5384615384615384
192.168.29.190,192.168.29.1,TCP,0.080623,846,13,0.5130023640661938,0.5384615384615384
192.168.29.135,224.0.0.251,UDP,0.0,100,1,1.0,1.0
192.168.29.190,192.168.29.1,TCP,0.088797,881,13,0.49148694665153236,0.5384615384615384
192.168.29.190,192.168.29.1,TCP,0.069292,859,13,0.5040745052386496,0.5384615384615384
192.168.29.190,192.168.29.1,TCP,0.077057,847,13,0.5112160566706021,0.5384615384615384
192.168.29.190,192.168.29.1,TCP,0.120469,885,13,0.49830508474576274,0.5384615384615384
192.168.29.190,192.168.29.1,TCP,0.094632,940,13,0.46914893617021275,0.5384615384615384
192.168.29.190,192.168.29.1,TCP,0.121875,892,13,0.4943946188340807,0.5384615384615384
192.168.29.190,192.168.29.1,TCP,0.088953,912,13,0.4824561403508772,0.5384615384615384
192.168.29.190,192.168.29.1,TCP,0.088219,912,13,0.4824561403508772,0.5384615384615384
192.168.29.190,192.168.29.1,TCP,0.09466,842,13,0.5225653206650831,0.5384615384615384
192.168.29.190,192.168.29.1,TCP,0.080553,1021,13,0.41723800195886385,0.5384615384615384
192.168.29.190,192.168.29.1,TCP,0.100353,1021,13,0.41723800195886385,0.5384615384615384
192.168.29.190,192.168.29.1,TCP,0.098294,985,13,0.43248730964467,0.5384615384615384
192.168.29.190,192.168.29.1,TCP,0.09741,1044,13,0.4128352490421456,0.5384615384615384
192.168.29.190,192.168.29.1,TCP,0.128234,1044,13,0.4128352490421456,0.5384615384615384
192.168.29.190,192.168.29.1,TCP,0.111132,1001,13,0.4305694305694306,0.5384615384615384
192.168.29.190,192.168.29.1,TCP,0.144952,933,14,0.5166130760986066,0.5714285714285714
192.168.29.190,192.168.29.1,TCP,0.168242,933,14,0.5166130760986066,0.5714285714285714
192.168.29.190,192.168.29.1,TCP,0.168107,974,15,0.4948665297741273,0.5333333333333333
192.168.29.190,192.168.29.1,TCP,0.173418,947,14,0.5163674762407603,0.5714285714285714
192.168.29.190,192.168.29.1,TCP,0.189733,1036,15,0.472007722007722,0.5333333333333333
192.168.29.190,192.168.29.1,TCP,0.195651,947,14,0.5163674762407603,0.5714285714285714
192.168.29.190,192.168.29.1,TCP,0.210437,1165,15,0.4206008583690987,0.5333333333333333
192.168.29.190,192.168.29.1,TCP,0.219833,1009,15,0.48562933597621405,0.5333333333333333
192.168.29.190,192.168.29.1,TCP,0.225773,1075,14,0.4558139534883721,0.5714285714285714
192.168.29.190,192.168.29.1,TCP,0.250989,1079,14,0.4439295644114921,0.5714285714285714
192.168.29.190,192.168.29.1,TCP,0.267983,933,14,0.5133976420150054,0.5714285714285714
192.168.29.190,192.168.29.1,TCP,0.269855,909,14,0.5269526952695269,0.5714285714285714
192.168.29.190,192.168.29.1,TCP,0.279244,949,14,0.5036880927291886,0.5714285714285714
192.168.29.190,192.168.29.1,TCP,0.279573,941,14,0.5079702444208289,0.5714285714285714
192.168.29.190,192.168.29.1,TCP,0.280923,901,14,0.5305216426193119,0.5714285714285714
192.168.29.190,192.168.29.1,TCP,0.183439,931,14,0.523093447905478,0.5714285714285714
192.168.29.190,192.168.29.1,TCP,0.186716,931,14,0.523093447905478,0.5714285714285714
192.168.29.190,192.168.29.1,TCP,0.192144,930,14,0.5236559139784946,0.5714285714285714
192.168.29.190,185.199.108.154,TCP,0.408478,4275,11,0.5609356725146198,0.45454545454545453
192.168.29.190,192.168.29.1,TCP,0.385735,1006,14,0.4900596421471173,0.5714285714285714
192.168.29.190,192.168.29.1,TCP,0.385479,1006,14,0.4900596421471173,0.5714285714285714
192.168.29.190,192.168.29.1,TCP,0.389169,1056,14,0.4668560606060606,0.5714285714285714
192.168.29.190,192.168.29.1,TCP,0.241975,966,14,0.5113871635610766,0.5714285714285714
192.168.29.190,192.168.29.1,TCP,0.301129,912,13,0.4824561403508772,0.5384615384615384
192.168.29.190,192.168.29.1,TCP,0.300307,842,13,0.5225653206650831,0.5384615384615384
192.168.29.190,192.168.29.1,TCP,0.225593,878,13,0.48291571753986334,0.5384615384615384
192.168.29.190,192.168.29.1,TCP,0.227963,859,13,0.4935972060535506,0.5384615384615384
192.168.29.190,192.168.29.1,TCP,0.237431,810,13,0.5234567901234568,0.5384615384615384
192.168.29.190,192.168.29.1,TCP,0.099018,1046,13,0.41395793499043976,0.5384615384615384
192.168.29.190,192.168.29.1,TCP,0.116726,1046,13,0.41395793499043976,0.5384615384615384
192.168.29.190,192.168.29.1,TCP,0.123296,1010,13,0.4287128712871287,0.5384615384615384
192.168.29.190,20.244.99.23,TCP,0.201604,4122,14,0.737748665696264,0.5
192.168.29.190,3.211.157.115,TCP,0.898523,6739,13,0.3205223326903101,0.46153846153846156
192.168.29.190,192.168.29.1,TCP,0.08204,845,13,0.5029585798816568,0.5384615384615384
192.168.29.190,192.168.29.1,TCP,0.095217,942,13,0.45116772823779194,0.5384615384615384
192.168.29.190,192.168.29.1,TCP,0.082645,1086,13,0.39134438305709024,0.5384615384615384
192.168.29.190,192.168.29.1,TCP,0.083486,1069,13,0.4106641721234799,0.5384615384615384
192.168.29.190,192.168.29.1,TCP,0.119368,1069,13,0.4106641721234799,0.5384615384615384
192.168.29.190,192.168.29.1,TCP,0.133325,1033,13,0.4249757986447241,0.5384615384615384
192.168.29.190,192.168.29.1,TCP,0.118614,935,13,0.4855614973262032,0.5384615384615384
192.168.29.190,192.168.29.1,TCP,0.107905,882,13,0.5147392290249433,0.5384615384615384
192.168.29.190,192.168.29.1,TCP,0.142531,870,13,0.5218390804597701,0.5384615384615384
192.168.29.190,192.168.29.1,TCP,0.141446,853,13,0.49824150058616645,0.5384615384615384
192.168.29.190,192.168.29.1,TCP,0.16388,824,13,0.5157766990291263,0.5384615384615384
192.168.29.190,192.168.29.1,TCP,0.14138,812,13,0.5233990147783252,0.5384615384615384
192.168.29.190,192.168.29.1,TCP,0.079705,940,14,0.5106382978723404,0.5714285714285714
192.168.29.190,192.168.29.1,TCP,0.099021,938,14,0.511727078891258,0.5714285714285714
192.168.29.190,192.168.29.1,TCP,0.119261,914,14,0.5251641137855579,0.5714285714285714
192.168.29.190,192.168.29.1,TCP,0.143014,938,14,0.5138592750533049,0.5714285714285714
192.168.29.190,192.168.29.1,TCP,0.142383,912,14,0.5285087719298246,0.5714285714285714
192.168.29.190,192.168.29.1,TCP,0.183298,834,13,0.513189448441247,0.5384615384615384
192.168.29.190,192.168.29.1,TCP,0.145928,971,12,0.4376930998970134,0.5833333333333334
192.168.29.190,192.168.29.1,TCP,0.146718,917,11,0.46346782988004365,0.6363636363636364
192.168.29.190,192.168.29.1,TCP,0.140088,989,13,0.48432760364004046,0.6153846153846154
192.168.29.190,192.168.29.1,TCP,0.04015,849,13,0.49823321554770317,0.5384615384615384
192.168.29.190,192.168.29.1,TCP,0.039479,904,13,0.46792035398230086,0.5384615384615384
192.168.29.190,192.168.29.1,TCP,0.035412,952,13,0.44432773109243695,0.5384615384615384
192.168.29.190,192.168.29.1,TCP,0.035419,869,13,0.4982738780207135,0.5384615384615384
192.168.29.190,192.168.29.1,TCP,0.04324,828,13,0.5229468599033816,0.5384615384615384
192.168.29.190,192.168.29.1,TCP,0.054807,840,13,0.5154761904761904,0.5384615384615384
192.168.29.190,52.33.247.19,TCP,3.598791,264,4,0.25,0.25
192.168.29.190,44.232.75.216,TCP,3.516496,198,3,0.3333333333333333,0.3333333333333333
192.168.29.190,52.33.247.19,TCP,3.51889,264,4,0.25,0.25
192.168.29.190,192.168.29.1,TCP,0.109539,883,13,0.4960362400906002,0.5384615384615384
192.168.29.190,192.168.29.1,TCP,0.109708,878,13,0.4988610478359909,0.5384615384615384
192.168.29.190,192.168.29.1,TCP,0.150019,854,13,0.5128805620608899,0.5384615384615384
192.168.29.190,192.168.29.1,TCP,0.039761,333,5,0.8018018018018018,0.8
192.168.29.190,192.168.29.1,TCP,0.108589,769,11,0.48764629388816644,0.5454545454545454
192.168.29.1,192.168.29.190,TCP,0.003974,322,5,0.37267080745341613,0.4
192.168.29.1,192.168.29.190,TCP,0.012368,322,5,0.37267080745341613,0.4
192.168.29.190,192.168.29.1,TCP,0.128319,442,7,0.7262443438914027,0.7142857142857143
192.168.29.1,192.168.29.190,TCP,0.062062,678,10,0.4631268436578171,0.4
140.82.114.25,192.168.29.190,TCP,8.011117,652,10,0.45245398773006135,0.5
192.168.29.190,140.82.113.21,TCP,4.018713,1916,8,0.9091858037578288,0.625
192.168.29.190,140.82.113.21,TCP,8.012009,132,2,1.0,1.0
192.168.29.190,192.168.29.1,TCP,0.089935,953,13,0.46379853095487933,0.5384615384615384
192.168.29.190,192.168.29.1,TCP,0.110893,972,13,0.4547325102880658,0.5384615384615384
192.168.29.190,192.168.29.1,TCP,0.110869,904,13,0.4889380530973451,0.5384615384615384
192.168.29.98,192.168.29.255,UDP,0.0,367,1,1.0,1.0
192.168.29.190,140.82.113.21,TCP,15.022609,330,5,1.0,1.0
192.168.29.190,192.168.29.1,TCP,0.072218,919,13,0.46789989118607184,0.5384615384615384
192.168.29.190,192.168.29.1,TCP,0.080098,864,13,0.4976851851851852,0.5384615384615384
192.168.29.190,192.168.29.1,TCP,0.080297,852,13,0.5046948356807511,0.5384615384615384
192.168.29.190,192.168.29.1,TCP,0.082176,938,13,0.44989339019189767,0.5384615384615384
192.168.29.190,192.168.29.1,TCP,0.082893,846,13,0.4988179669030733,0.5384615384615384
192.168.29.190,192.168.29.1,TCP,0.083665,822,13,0.51338199513382,0.5384615384615384
192.168.29.190,20.244.99.23,TCP,12.878527,7647,20,0.4906499280763698,0.5
192.168.29.190,3.211.157.115,TCP,12.443144,12700,28,0.3659055118110236,0.42857142857142855
192.168.29.190,192.168.29.1,TCP,0.418096,882,13,0.48299319727891155,0.5384615384615384
192.168.29.190,192.168.29.1,TCP,0.418323,901,13,0.4728079911209767,0.5384615384615384
192.168.29.190,192.168.29.1,TCP,0.400349,833,13,0.5114045618247299,0.5384615384615384
192.168.29.190,192.168.29.1,TCP,0.090989,935,13,0.4855614973262032,0.5384615384615384
192.168.29.190,192.168.29.1,TCP,0.089178,882,13,0.5147392290249433,0.5384615384615384
192.168.29.190,192.168.29.1,TCP,0.099941,870,13,0.5218390804597701,0.5384615384615384
192.168.29.190,192.168.29.1,TCP,0.025351,979,14,0.5137895812053116,0.5714285714285714
192.168.29.190,192.168.29.1,TCP,0.089505,872,13,0.5149082568807339,0.5384615384615384
192.168.29.190,192.168.29.1,TCP,0.039208,914,14,0.550328227571116,0.5714285714285714
192.168.29.190,192.168.29.1,TCP,0.070753,871,12,0.4535017221584386,0.5
192.168.29.190,192.168.29.1,TCP,0.052978,926,14,0.5431965442764579,0.5714285714285714
192.168.29.190,192.168.29.1,TCP,0.055073,914,14,0.550328227571116,0.5714285714285714
192.168.29.190,192.168.29.1,TCP,0.110836,925,13,0.4854054054054054,0.5384615384615384
192.168.29.190,192.168.29.1,TCP,0.110187,872,13,0.5149082568807339,0.5384615384615384
192.168.29.190,192.168.29.1,TCP,0.156832,860,13,0.522093023255814,0.5384615384615384
192.168.29.190,140.82.113.21,TCP,15.033916,330,5,1.0,1.0
192.168.29.190,140.82.113.21,TCP,15.034045,330,5,1.0,1.0
192.168.29.190,44.232.75.216,TCP,3.393504,198,3,0.3333333333333333,0.3333333333333333
192.168.29.190,140.82.113.21,TCP,13.873524,264,4,1.0,1.0
192.168.29.190,239.255.255.250,UDP,2.977502,848,4,1.0,1.0
192.168.29.190,140.82.112.22,TCP,3.030978,198,3,1.0,1.0
192.168.29.190,140.82.113.21,TCP,15.030426,330,5,1.0,1.0
192.168.29.190,140.82.113.21,TCP,15.012393,330,5,1.0,1.0
192.168.29.98,192.168.29.255,UDP,0.0,367,1,1.0,1.0
192.168.29.190,192.168.29.1,TCP,0.09333,839,13,0.5053635280095352,0.5384615384615384
192.168.29.190,192.168.29.1,TCP,0.093336,822,13,0.5158150851581509,0.5384615384615384
192.168.29.190,192.168.29.1,TCP,0.093463,826,13,0.513317191283293,0.5384615384615384
192.168.29.190,140.82.112.26,TCP,14.91207,330,5,1.0,1.0
192.168.29.190,185.199.108.154,TCP,0.021174,4275,11,0.5609356725146198,0.45454545454545453
192.168.29.190,140.82.112.26,TCP,0.0,66,1,1.0,1.0
192.168.29.190,20.244.99.23,TCP,0.128665,1155,4,0.6987012987012987,0.5
192.168.29.98,192.168.29.255,UDP,0.0,367,1,1.0,1.0
192.168.29.190,140.82.113.21,TCP,39.197387,4806,9,0.3662089055347482,0.6666666666666666
192.168.29.190,140.82.113.21,TCP,15.031131,330,5,1.0,1.0
192.168.29.72,192.168.29.255,UDP,0.0,82,1,1.0,1.0
192.168.29.190,185.199.108.154,TCP,0.001145,121,2,0.45454545454545453,0.5
192.168.29.190,3.211.157.115,TCP,0.227014,121,2,0.45454545454545453,0.5
192.168.29.72,224.0.0.251,UDP,8.18328,174,2,1.0,1.0
192.168.29.72,239.255.255.250,UDP,8.200405,334,2,1.0,1.0
192.168.29.190,140.82.112.26,TCP,15.034994,330,5,1.0,1.0
192.168.29.190,140.82.113.21,TCP,15.039146,330,5,1.0,1.0
192.168.29.190,140.82.113.21,TCP,15.044098,330,5,1.0,1.0
192.168.29.98,192.168.29.255,UDP,0.0,367,1,1.0,1.0
192.168.29.190,140.82.113.21,TCP,15.017354,330,5,1.0,1.0
192.168.29.32,224.0.0.251,UDP,2.66132,2406,10,1.0,1.0
192.168.29.190,140.82.112.21,TCP,0.00554,109,2,0.5045871559633027,0.5
192.168.29.190,140.82.114.22,TCP,0.0,66,1,1.0,1.0
192.168.29.190,140.82.114.22,TCP,0.0,66,1,1.0,1.0
192.168.29.190,20.189.173.6,TCP,1.66768,9258,21,0.38312810542233744,0.5238095238095238
192.168.29.190,3.211.157.115,TCP,5.316457,283,5,0.5759717314487632,0.6
192.168.29.190,192.168.29.1,TCP,0.092535,859,13,0.49825378346915017,0.5384615384615384
192.168.29.190,192.168.29.1,TCP,0.092539,859,13,0.49825378346915017,0.5384615384615384
192.168.29.190,192.168.29.1,TCP,0.116442,818,13,0.5232273838630807,0.5384615384615384
192.168.29.190,20.244.99.23,TCP,0.013152,162,3,0.6666666666666666,0.6666666666666666
192.168.29.190,185.199.108.154,TCP,0.00495,294,5,0.3673469387755102,0.4
192.168.29.190,185.199.108.154,TCP,0.004951,294,5,0.3673469387755102,0.4
192.168.29.190,140.82.114.22,TCP,0.0,66,1,1.0,1.0
192.168.29.190,35.215.235.162,TCP,0.387474,162,3,0.6666666666666666,0.6666666666666666
192.168.29.190,192.168.29.1,TCP,0.08674,855,13,0.4982456140350877,0.5384615384615384
192.168.29.190,192.168.29.1,TCP,0.09741,826,13,0.5157384987893463,0.5384615384615384
192.168.29.190,192.168.29.1,TCP,0.11188,814,13,0.5233415233415234,0.5384615384615384
140.82.112.21,192.168.29.190,TCP,0.000368,1544,2,0.9650259067357513,0.5
192.168.29.98,192.168.29.255,UDP,0.0,367,1,1.0,1.0
192.168.29.190,140.82.114.21,TCP,3.01152,198,3,1.0,1.0
192.168.29.190,20.199.39.224,TCP,2.517469,28216,33,0.8781542387297987,0.3333333333333333
192.168.29.190,35.186.134.240,TCP,6.176014,9148,30,0.36073458679492787,0.4666666666666667
192.168.29.190,192.168.29.1,TCP,0.102614,819,13,0.5177045177045178,0.5384615384615384
192.168.29.190,192.168.29.1,TCP,0.10448,822,13,0.5158150851581509,0.5384615384615384
192.168.29.190,192.168.29.1,TCP,0.073859,810,13,0.5234567901234568,0.5384615384615384
192.168.29.190,192.168.29.1,TCP,0.093681,882,13,0.48299319727891155,0.5384615384615384
192.168.29.190,192.168.29.1,TCP,0.097274,901,13,0.4728079911209767,0.5384615384615384
192.168.29.190,192.168.29.1,TCP,0.095301,833,13,0.5114045618247299,0.5384615384615384
192.168.29.190,192.168.29.1,TCP,0.110682,864,13,0.49074074074074076,0.5384615384615384
192.168.29.190,192.168.29.1,TCP,0.109729,842,13,0.503562945368171,0.5384615384615384
192.168.29.190,192.168.29.1,TCP,0.108814,830,13,0.5108433734939759,0.5384615384615384
192.168.29.190,192.168.29.1,TCP,0.08434,872,13,0.5022935779816514,0.5384615384615384
192.168.29.190,192.168.29.1,TCP,0.117728,850,13,0.5152941176470588,0.5384615384615384
192.168.29.190,192.168.29.1,TCP,0.116733,838,13,0.522673031026253,0.5384615384615384
192.168.29.190,192.168.29.1,TCP,0.085778,902,13,0.48226164079822614,0.5384615384615384
192.168.29.190,192.168.29.1,TCP,0.117926,873,13,0.49828178694158076,0.5384615384615384
192.168.29.190,192.168.29.1,TCP,0.087372,861,13,0.5052264808362369,0.5384615384615384
192.168.29.190,192.168.29.1,TCP,0.084466,803,13,0.5242839352428393,0.5384615384615384
192.168.29.190,192.168.29.1,TCP,0.098377,816,13,0.5159313725490197,0.5384615384615384
192.168.29.190,192.168.29.1,TCP,0.082328,804,13,0.5236318407960199,0.5384615384615384
192.168.29.190,192.168.29.1,TCP,0.082653,845,13,0.4982248520710059,0.5384615384615384
192.168.29.190,192.168.29.1,TCP,0.082595,900,13,0.4677777777777778,0.5384615384615384
192.168.29.190,192.168.29.1,TCP,0.096506,964,13,0.4367219917012448,0.5384615384615384
192.168.29.190,192.168.29.1,TCP,0.099309,846,13,0.5023640661938534,0.5384615384615384
192.168.29.190,192.168.29.1,TCP,0.132664,824,13,0.5157766990291263,0.5384615384615384
192.168.29.190,192.168.29.1,TCP,0.13157,812,13,0.5233990147783252,0.5384615384615384
192.168.29.32,224.0.0.251,UDP,3.893807,2804,12,1.0,1.0
192.168.29.190,192.168.29.1,TCP,0.090611,845,13,0.5171597633136095,0.5384615384615384
192.168.29.190,192.168.29.1,TCP,0.074673,848,13,0.5153301886792453,0.5384615384615384
192.168.29.190,192.168.29.1,TCP,0.090608,836,13,0.5227272727272727,0.5384615384615384
192.168.29.190,192.168.29.1,TCP,0.105935,884,13,0.501131221719457,0.5384615384615384
192.168.29.190,192.168.29.1,TCP,0.106234,890,13,0.49775280898876406,0.5384615384615384
192.168.29.190,192.168.29.1,TCP,0.079049,878,13,0.5045558086560364,0.5384615384615384
192.168.29.190,192.168.29.1,TCP,0.054854,873,14,0.5475372279495991,0.5714285714285714
192.168.29.190,192.168.29.1,TCP,0.054973,1072,14,0.4458955223880597,0.5714285714285714
192.168.29.190,192.168.29.1,TCP,0.125231,810,13,0.5234567901234568,0.5384615384615384
192.168.29.190,192.168.29.1,TCP,0.083545,769,12,0.4837451235370611,0.5
192.168.29.190,192.168.29.1,TCP,0.064869,880,14,0.5454545454545454,0.5714285714285714
192.168.29.190,192.168.29.1,TCP,0.068534,868,14,0.5529953917050692,0.5714285714285714
192.168.29.190,192.168.29.1,TCP,0.223114,807,12,0.45724907063197023,0.5
192.168.29.190,192.168.29.1,TCP,0.085592,958,14,0.4979123173277662,0.5714285714285714
192.168.29.190,192.168.29.1,TCP,0.096857,1006,14,0.474155069582505,0.5714285714285714
192.168.29.190,192.168.29.1,TCP,0.13822,966,14,0.5113871635610766,0.5714285714285714
192.168.29.190,192.168.29.1,TCP,0.138524,966,14,0.5113871635610766,0.5714285714285714
192.168.29.190,192.168.29.1,TCP,0.165142,896,14,0.5513392857142857,0.5714285714285714
192.168.29.190,20.244.99.23,TCP,0.226049,4298,14,0.7782689623080502,0.5
192.168.29.190,192.168.29.1,TCP,0.097888,884,13,0.48642533936651583,0.5384615384615384
192.168.29.190,192.168.29.1,TCP,0.081987,862,13,0.4988399071925754,0.5384615384615384
192.168.29.190,192.168.29.1,TCP,0.081321,850,13,0.5058823529411764,0.5384615384615384
192.168.29.190,192.168.29.1,TCP,0.077692,925,13,0.4810810810810811,0.5384615384615384
192.168.29.190,192.168.29.1,TCP,0.077804,896,13,0.4966517857142857,0.5384615384615384
192.168.29.190,192.168.29.1,TCP,0.08965,925,13,0.4810810810810811,0.5384615384615384
192.168.29.190,192.168.29.1,TCP,0.094988,845,13,0.5029585798816568,0.5384615384615384
192.168.29.190,192.168.29.1,TCP,0.094327,942,13,0.45116772823779194,0.5384615384615384
192.168.29.190,192.168.29.1,TCP,0.072701,1086,13,0.39134438305709024,0.5384615384615384
192.168.29.190,192.168.29.1,TCP,0.09908,853,13,0.49824150058616645,0.5384615384615384
192.168.29.190,192.168.29.1,TCP,0.105225,770,12,0.4818181818181818,0.5
192.168.29.190,192.168.29.1,TCP,0.099027,757,12,0.5614266842800528,0.5833333333333334
192.168.29.190,192.168.29.1,TCP,0.068118,869,13,0.4982738780207135,0.5384615384615384
192.168.29.190,192.168.29.1,TCP,0.076026,840,13,0.5154761904761904,0.5384615384615384
192.168.29.190,192.168.29.1,TCP,0.093352,828,13,0.5229468599033816,0.5384615384615384
192.168.29.190,140.82.112.26,TCP,15.027554,330,5,1.0,1.0
192.168.29.190,140.82.114.22,TCP,15.018676,330,5,1.0,1.0
192.168.29.190,192.168.29.1,TCP,0.090135,1025,13,0.4146341463414634,0.5384615384615384
192.168.29.190,192.168.29.1,TCP,0.068507,1025,13,0.4146341463414634,0.5384615384615384
192.168.29.190,192.168.29.1,TCP,0.105113,989,13,0.42972699696663297,0.5384615384615384
192.168.29.190,192.168.29.1,TCP,0.101513,830,12,0.4506024096385542,0.5
192.168.29.190,192.168.29.1,TCP,0.083458,912,14,0.5285087719298246,0.5714285714285714
192.168.29.190,192.168.29.1,TCP,0.087144,888,14,0.5427927927927928,0.5714285714285714
192.168.29.190,192.168.29.1,TCP,0.135206,886,13,0.48081264108352145,0.5384615384615384
192.168.29.190,192.168.29.1,TCP,0.135975,884,13,0.4819004524886878,0.5384615384615384
192.168.29.190,192.168.29.1,TCP,0.097852,914,14,0.5251641137855579,0.5714285714285714
192.168.29.190,192.168.29.1,TCP,0.148345,859,13,0.4959254947613504,0.5384615384615384
192.168.29.190,192.168.29.1,TCP,0.149128,854,13,0.49882903981264637,0.5384615384615384
192.168.29.190,192.168.29.1,TCP,0.163934,830,13,0.5132530120481927,0.5384615384615384
192.168.29.190,192.168.29.1,TCP,0.079485,853,13,0.49824150058616645,0.5384615384615384
192.168.29.190,192.168.29.1,TCP,0.106308,824,13,0.5157766990291263,0.5384615384615384
192.168.29.190,192.168.29.1,TCP,0.115711,812,13,0.5233990147783252,0.5384615384615384
192.168.29.98,192.168.29.255,UDP,0.0,367,1,1.0,1.0
192.168.29.190,192.168.29.1,TCP,0.076656,856,13,0.5070093457943925,0.5384615384615384
192.168.29.190,192.168.29.1,TCP,0.104506,842,13,0.5154394299287411,0.5384615384615384
192.168.29.190,192.168.29.1,TCP,0.078101,846,13,0.5130023640661938,0.5384615384615384
192.168.29.190,192.168.29.1,TCP,0.07658,1021,13,0.41723800195886385,0.5384615384615384
192.168.29.190,192.168.29.1,TCP,0.094246,1021,13,0.41723800195886385,0.5384615384615384
192.168.29.190,192.168.29.1,TCP,0.085548,985,13,0.43248730964467,0.5384615384615384
192.168.29.190,192.168.29.1,TCP,0.079636,1037,13,0.4156219864995178,0.5384615384615384
192.168.29.190,192.168.29.1,TCP,0.050179,1091,14,0.44454628780934924,0.5714285714285714
192.168.29.190,192.168.29.1,TCP,0.107862,1008,13,0.42757936507936506,0.5384615384615384
192.168.29.190,192.168.29.1,TCP,0.116968,933,14,0.5166130760986066,0.5714285714285714
192.168.29.190,192.168.29.1,TCP,0.090906,893,13,0.48712206047032475,0.5384615384615384
192.168.29.190,192.168.29.1,TCP,0.10398,1046,13,0.41395793499043976,0.5384615384615384
192.168.29.190,3.211.157.115,TCP,13.361074,1169,9,0.5175363558597091,0.4444444444444444
192.168.29.190,192.168.29.1,TCP,0.136854,879,13,0.4869169510807736,0.5384615384615384
192.168.29.190,192.168.29.1,TCP,0.147338,920,14,0.5239130434782608,0.5714285714285714
192.168.29.190,192.168.29.1,TCP,0.145304,947,14,0.5163674762407603,0.5714285714285714
192.168.29.190,192.168.29.1,TCP,0.150548,1036,15,0.472007722007722,0.5333333333333333
192.168.29.190,192.168.29.1,TCP,0.20854,1165,15,0.4206008583690987,0.5333333333333333
192.168.29.190,192.168.29.1,TCP,0.220611,1009,15,0.48562933597621405,0.5333333333333333
192.168.29.190,192.168.29.1,TCP,0.260721,1129,15,0.43401240035429584,0.5333333333333333
192.168.29.190,192.168.29.1,TCP,0.250472,1133,15,0.4227714033539276,0.5333333333333333
192.168.29.190,192.168.29.1,TCP,0.250245,987,15,0.48530901722391084,0.5333333333333333
192.168.29.190,192.168.29.1,TCP,0.25227,963,15,0.4974039460020768,0.5333333333333333
192.168.29.190,192.168.29.1,TCP,0.244556,1154,15,0.4220103986135182,0.5333333333333333
192.168.29.190,192.168.29.1,TCP,0.244426,1118,15,0.43559928443649376,0.5333333333333333
192.168.29.190,192.168.29.1,TCP,0.244075,1020,15,0.4843137254901961,0.5333333333333333
192.168.29.190,192.168.29.1,TCP,0.24415,1020,15,0.4843137254901961,0.5333333333333333
192.168.29.190,192.168.29.1,TCP,0.247308,896,14,0.5513392857142857,0.5714285714285714
192.168.29.190,192.168.29.1,TCP,0.257656,1069,13,0.4106641721234799,0.5384615384615384
192.168.29.190,192.168.29.1,TCP,0.235471,1069,13,0.4106641721234799,0.5384615384615384
192.168.29.190,192.168.29.1,TCP,0.256179,1033,13,0.4249757986447241,0.5384615384615384
192.168.29.190,20.244.99.23,TCP,0.125284,3918,13,0.7567636549259826,0.46153846153846156
192.168.29.190,140.82.112.21,TCP,0.0,55,1,1.0,1.0
192.168.29.190,192.168.29.1,TCP,0.215401,907,14,0.5281146637265711,0.5714285714285714
192.168.29.190,192.168.29.1,TCP,0.217319,878,14,0.5455580865603644,0.5714285714285714
192.168.29.190,192.168.29.1,TCP,0.220712,866,14,0.5531177829099307,0.5714285714285714
192.168.29.190,192.168.29.1,TCP,0.03835,121,2,0.5454545454545454,0.5
192.168.29.190,192.168.29.1,TCP,0.101651,592,9,0.47635135135135137,0.5555555555555556
192.168.29.190,192.168.29.1,TCP,0.102019,174,3,0.6896551724137931,0.6666666666666666
192.168.29.190,192.168.29.1,TCP,0.038519,918,13,0.49782135076252726,0.5384615384615384
192.168.29.190,192.168.29.1,TCP,0.020561,942,14,0.5424628450106157,0.5714285714285714
192.168.29.190,192.168.29.1,TCP,0.037748,876,13,0.521689497716895,0.5384615384615384
192.168.29.190,185.199.108.154,TCP,0.023265,4275,11,0.5609356725146198,0.45454545454545453
192.168.29.190,140.82.114.21,TCP,3.054535,198,3,1.0,1.0
192.168.29.190,140.82.114.21,TCP,3.026006,198,3,1.0,1.0
192.168.29.190,192.168.29.1,TCP,0.078223,852,12,0.4518779342723005,0.5
192.168.29.190,192.168.29.1,TCP,0.044146,990,14,0.49797979797979797,0.5714285714285714
192.168.29.190,192.168.29.1,TCP,0.065154,942,14,0.5233545647558386,0.5714285714285714
192.168.29.190,185.199.108.154,TCP,0.079458,5759,13,0.6626150373328703,0.46153846153846156
192.168.29.190,192.168.29.1,TCP,0.122706,914,13,0.48468271334792123,0.5384615384615384
192.168.29.190,192.168.29.1,TCP,0.139033,944,13,0.4692796610169492,0.5384615384615384
192.168.29.190,192.168.29.1,TCP,0.13919,896,13,0.49441964285714285,0.5384615384615384
192.168.29.190,192.168.29.1,TCP,0.081115,952,13,0.46113445378151263,0.5384615384615384
192.168.29.190,192.168.29.1,TCP,0.094392,952,13,0.46113445378151263,0.5384615384615384
192.168.29.190,192.168.29.1,TCP,0.093777,1002,13,0.43812375249500995,0.5384615384615384
192.168.29.190,192.168.29.1,TCP,0.080331,958,14,0.4488517745302714,0.5
192.168.29.190,192.168.29.1,TCP,0.080302,904,13,0.4756637168141593,0.5384615384615384
192.168.29.190,192.168.29.1,TCP,0.0945,855,13,0.5029239766081871,0.5384615384615384
192.168.29.190,192.168.29.1,TCP,0.086996,953,13,0.46379853095487933,0.5384615384615384
192.168.29.190,192.168.29.1,TCP,0.087187,953,13,0.46379853095487933,0.5384615384615384
192.168.29.190,192.168.29.1,TCP,0.086348,904,13,0.4889380530973451,0.5384615384615384
192.168.29.190,192.168.29.1,TCP,0.057355,966,14,0.5113871635610766,0.5714285714285714
192.168.29.190,192.168.29.1,TCP,0.079402,966,14,0.5113871635610766,0.5714285714285714
192.168.29.190,192.168.29.1,TCP,0.087648,896,14,0.5513392857142857,0.5714285714285714
192.168.29.190,192.168.29.1,TCP,0.078052,932,14,0.5128755364806867,0.5714285714285714
192.168.29.190,192.168.29.1,TCP,0.078017,932,14,0.5128755364806867,0.5714285714285714
192.168.29.190,192.168.29.1,TCP,0.138314,810,13,0.5234567901234568,0.5384615384615384
192.168.29.190,140.82.114.25,TCP,0.009959,109,2,0.5045871559633027,0.5
192.168.29.190,20.244.99.23,TCP,0.183671,3994,14,0.7613920881321983,0.5
192.168.29.190,140.82.112.22,TCP,1.011191,132,2,1.0,1.0
192.168.29.190,140.82.112.22,TCP,0.997627,132,2,1.0,1.0
192.168.29.190,140.82.112.22,TCP,1.005057,132,2,1.0,1.0
192.168.29.190,140.82.112.22,TCP,1.004273,132,2,1.0,1.0
192.168.29.190,44.237.172.67,TCP,3.350627,264,4,0.25,0.25
192.168.29.190,140.82.112.22,TCP,1.964778,8069,12,0.2533151567728343,0.4166666666666667
192.168.29.190,192.168.29.1,TCP,0.068907,878,13,0.4886104783599089,0.5384615384615384
192.168.29.190,192.168.29.1,TCP,0.067999,856,13,0.5011682242990654,0.5384615384615384
192.168.29.190,192.168.29.1,TCP,0.08443,844,13,0.5082938388625592,0.5384615384615384
192.168.29.190,192.168.29.1,TCP,0.089572,935,13,0.4855614973262032,0.5384615384615384
192.168.29.190,192.168.29.1,TCP,0.089665,882,13,0.5147392290249433,0.5384615384615384
192.168.29.190,192.168.29.1,TCP,0.071748,870,13,0.5218390804597701,0.5384615384615384
192.168.29.190,140.82.114.22,TCP,4.143985,35826,47,0.21037793781052866,0.425531914893617
192.168.29.190,192.168.29.1,TCP,0.088091,893,13,0.48152295632698766,0.5384615384615384
192.168.29.190,192.168.29.1,TCP,0.104005,864,13,0.4976851851851852,0.5384615384615384
192.168.29.190,192.168.29.1,TCP,0.105609,864,13,0.4976851851851852,0.5384615384615384
104.18.156.37,192.168.29.190,TCP,0.000579,186,3,0.7096774193548387,0.6666666666666666
192.168.29.98,192.168.29.255,UDP,0.0,367,1,1.0,1.0
192.168.29.190,140.82.112.22,TCP,15.016068,330,5,1.0,1.0
192.168.29.190,192.168.29.1,TCP,0.086026,849,13,0.4958775029446408,0.5384615384615384
192.168.29.190,192.168.29.1,TCP,0.081972,816,13,0.5159313725490197,0.5384615384615384
192.168.29.190,192.168.29.1,TCP,0.09928,820,13,0.5134146341463415,0.5384615384615384
192.168.29.190,192.168.29.1,TCP,0.068217,893,13,0.48152295632698766,0.5384615384615384
192.168.29.190,192.168.29.1,TCP,0.08514,919,13,0.46789989118607184,0.5384615384615384
192.168.29.190,192.168.29.1,TCP,0.083866,852,13,0.5046948356807511,0.5384615384615384
192.168.29.98,192.168.29.255,UDP,0.0,367,1,1.0,1.0
192.168.29.190,140.82.112.26,TCP,47.195065,1947,9,0.16692347200821778,0.6666666666666666
192.168.29.190,140.82.114.22,TCP,42.457556,5214,15,0.39048714998082085,0.6666666666666666
192.168.29.190,20.199.39.224,TCP,0.14849,121,2,0.45454545454545453,0.5
20.207.73.82,192.168.29.190,TCP,32.101984,122975,137,0.9533807684488718,0.7372262773722628
192.168.29.190,20.207.73.85,TCP,32.355422,19185,54,0.5312483711232734,0.46296296296296297
192.168.29.190,140.82.112.22,TCP,33.14852,3941,10,0.9528038568891144,0.7
192.168.29.190,192.168.29.1,TCP,0.090561,849,13,0.49823321554770317,0.5384615384615384
192.168.29.190,192.168.29.1,TCP,0.089121,904,13,0.46792035398230086,0.5384615384615384
192.168.29.190,192.168.29.1,TCP,0.119888,968,13,0.4369834710743802,0.5384615384615384
192.168.29.98,192.168.29.255,UDP,0.0,367,1,1.0,1.0
192.168.29.1,192.168.29.190,UDP,0.0,43,1,1.0,1.0
192.168.29.57,224.0.0.251,UDP,1.022647,272,3,1.0,1.0
192.168.29.190,3.211.157.115,TCP,0.233258,121,2,0.45454545454545453,0.5
192.168.29.190,140.82.113.25,TCP,60.139313,14483,26,0.7471518331837327,0.7307692307692307
192.168.29.190,239.255.255.250,UDP,3.034887,848,4,1.0,1.0
192.168.29.190,192.168.29.1,TCP,0.111249,825,13,0.5175757575757576,0.5384615384615384
192.168.29.190,192.168.29.1,TCP,0.09787,828,13,0.5157004830917874,0.5384615384615384
192.168.29.190,192.168.29.1,TCP,0.096854,816,13,0.5232843137254902,0.5384615384615384
192.168.29.190,140.82.114.22,TCP,0.0,55,1,1.0,1.0
192.168.29.190,142.251.223.3,UDP,30.041597,26655,52,0.5930594635152879,0.5
192.168.29.190,192.168.29.1,TCP,0.097079,819,13,0.5177045177045178,0.5384615384615384
192.168.29.190,192.168.29.1,TCP,0.099122,1018,13,0.4165029469548134,0.5384615384615384
192.168.29.190,192.168.29.1,TCP,0.110131,810,13,0.5234567901234568,0.5384615384615384
192.168.29.98,192.168.29.255,UDP,0.0,367,1,1.0,1.0
192.168.29.190,35.186.134.240,TCP,76.917502,8124,27,0.31917774495322504,0.5185185185185185
192.168.29.190,192.168.29.1,TCP,0.072029,855,13,0.495906432748538,0.5384615384615384
192.168.29.190,192.168.29.1,TCP,0.093199,822,13,0.5158150851581509,0.5384615384615384
192.168.29.190,192.168.29.1,TCP,0.07642,826,13,0.513317191283293,0.5384615384615384
192.168.29.135,224.0.0.251,UDP,21.70876,556,6,1.0,1.0
192.168.29.190,185.199.108.154,TCP,21.524017,415,7,0.3927710843373494,0.42857142857142855
192.168.29.190,20.244.99.23,TCP,31.542212,469,8,0.4626865671641791,0.5
192.168.29.190,185.199.108.154,TCP,20.84745,415,7,0.3927710843373494,0.42857142857142855
192.168.29.190,140.82.114.22,TCP,3.013496,198,3,1.0,1.0
192.168.29.190,192.168.29.1,TCP,0.116475,923,13,0.4658721560130011,0.5384615384615384
192.168.29.190,192.168.29.1,TCP,0.070018,958,14,0.5052192066805845,0.5714285714285714
192.168.29.190,192.168.29.1,TCP,0.143764,855,13,0.5029239766081871,0.5384615384615384
192.168.29.190,192.168.29.1,TCP,0.087593,919,13,0.46789989118607184,0.5384615384615384
192.168.29.190,192.168.29.1,TCP,0.087738,864,13,0.4976851851851852,0.5384615384615384
192.168.29.190,192.168.29.1,TCP,0.097323,852,13,0.5046948356807511,0.5384615384615384
192.168.29.32,224.0.0.251,UDP,2.666422,2486,11,1.0,1.0
192.168.29.98,192.168.29.255,UDP,0.0,367,1,1.0,1.0
192.168.29.190,192.168.29.1,TCP,0.107582,878,13,0.4886104783599089,0.5384615384615384
192.168.29.190,192.168.29.1,TCP,0.086362,856,13,0.5011682242990654,0.5384615384615384
192.168.29.190,192.168.29.1,TCP,0.102245,844,13,0.5082938388625592,0.5384615384615384
192.168.29.190,140.82.112.21,TCP,30.000408,109,2,1.0,1.0
192.168.29.190,20.189.172.33,TCP,1.140571,7957,21,0.30400904863642075,0.5238095238095238
192.168.29.190,20.189.172.33,TCP,1.130804,8065,23,0.2999380037197768,0.4782608695652174
192.168.29.190,13.107.5.93,TCP,5.286467,21794,42,0.19064880242268514,0.35714285714285715
192.168.29.190,140.82.112.22,TCP,0.00553,109,2,0.5045871559633027,0.5
192.168.29.190,140.82.112.22,TCP,78.904298,148045,131,0.6294842784288561,0.4732824427480916
192.168.29.190,104.18.156.37,TCP,10.062392,604,11,1.0,1.0
192.168.29.190,140.82.114.22,TCP,3.010151,198,3,1.0,1.0
192.168.29.190,140.82.113.21,TCP,15.021713,330,5,1.0,1.0
192.168.29.190,140.82.113.21,TCP,15.034918,330,5,1.0,1.0
192.168.29.190,140.82.113.21,TCP,15.026362,330,5,1.0,1.0
192.168.29.190,13.107.5.93,TCP,4.213241,9397,23,0.21581355751835693,0.43478260869565216
192.168.29.98,192.168.29.255,UDP,0.0,367,1,1.0,1.0
192.168.29.190,140.82.114.22,TCP,3.004059,198,3,1.0,1.0
192.168.29.190,192.168.29.1,TCP,0.103918,919,13,0.46789989118607184,0.5384615384615384
192.168.29.190,192.168.29.1,TCP,0.087431,864,13,0.4976851851851852,0.5384615384615384
192.168.29.190,192.168.29.1,TCP,0.087066,852,13,0.5046948356807511,0.5384615384615384
192.168.29.190,20.207.73.85,TCP,30.339242,9047,27,0.43141372830772634,0.48148148148148145
192.168.29.190,192.168.29.1,TCP,0.033207,918,14,0.5206971677559913,0.5714285714285714
192.168.29.190,192.168.29.1,TCP,0.094309,842,13,0.503562945368171,0.5384615384615384
192.168.29.190,192.168.29.1,TCP,0.093217,830,13,0.5108433734939759,0.5384615384615384
192.168.29.190,192.168.29.1,TCP,0.073131,872,13,0.5022935779816514,0.5384615384615384
192.168.29.190,192.168.29.1,TCP,0.071255,838,13,0.522673031026253,0.5384615384615384
192.168.29.190,192.168.29.1,TCP,0.088866,850,13,0.5152941176470588,0.5384615384615384
192.168.29.190,192.168.29.1,TCP,0.080847,873,13,0.49828178694158076,0.5384615384615384
192.168.29.190,192.168.29.1,TCP,0.079809,861,13,0.5052264808362369,0.5384615384615384
192.168.29.190,192.168.29.1,TCP,0.100028,902,13,0.48226164079822614,0.5384615384615384
192.168.29.190,192.168.29.1,TCP,0.082801,1025,13,0.4146341463414634,0.5384615384615384
192.168.29.190,192.168.29.1,TCP,0.083222,989,13,0.42972699696663297,0.5384615384615384
192.168.29.190,192.168.29.1,TCP,0.097115,1025,13,0.4146341463414634,0.5384615384615384
192.168.29.190,192.168.29.1,TCP,0.069567,870,13,0.4827586206896552,0.5384615384615384
192.168.29.190,192.168.29.1,TCP,0.070951,851,13,0.4935370152761457,0.5384615384615384
192.168.29.190,192.168.29.1,TCP,0.102903,802,13,0.5236907730673317,0.5384615384615384
192.168.29.190,20.244.99.23,TCP,46.668696,469,8,0.4626865671641791,0.5
192.168.29.190,20.244.99.23,TCP,44.585161,469,8,0.4626865671641791,0.5
192.168.29.190,192.168.29.1,TCP,0.081232,846,13,0.5023640661938534,0.5384615384615384
192.168.29.190,192.168.29.1,TCP,0.107761,824,13,0.5157766990291263,0.5384615384615384
192.168.29.190,192.168.29.1,TCP,0.083621,812,13,0.5233990147783252,0.5384615384615384
192.168.29.190,192.168.29.1,TCP,0.095297,803,13,0.5242839352428393,0.5384615384615384
192.168.29.190,192.168.29.1,TCP,0.095446,816,13,0.5159313725490197,0.5384615384615384
192.168.29.190,192.168.29.1,TCP,0.105899,804,13,0.5236318407960199,0.5384615384615384
192.168.29.190,192.168.29.1,TCP,0.08364,900,13,0.4677777777777778,0.5384615384615384
192.168.29.190,192.168.29.1,TCP,0.100794,948,13,0.4440928270042194,0.5384615384615384
192.168.29.190,192.168.29.1,TCP,0.10242,845,13,0.4982248520710059,0.5384615384615384
192.168.29.190,192.168.29.1,TCP,0.084022,845,13,0.5171597633136095,0.5384615384615384
192.168.29.190,192.168.29.1,TCP,0.099396,848,13,0.5153301886792453,0.5384615384615384
192.168.29.190,192.168.29.1,TCP,0.082779,836,13,0.5227272727272727,0.5384615384615384
192.168.29.190,192.168.29.1,TCP,0.08836,912,13,0.4824561403508772,0.5384615384615384
192.168.29.190,192.168.29.1,TCP,0.105213,912,13,0.4824561403508772,0.5384615384615384
192.168.29.190,192.168.29.1,TCP,0.087056,842,13,0.5225653206650831,0.5384615384615384
192.168.29.190,140.82.113.25,TCP,2.975835,1308,3,0.9495412844036697,0.6666666666666666
192.168.29.190,20.244.99.23,TCP,0.240146,4458,14,0.7575145805293854,0.5
192.168.29.190,192.168.29.1,TCP,0.065209,873,14,0.5475372279495991,0.5714285714285714
192.168.29.190,192.168.29.1,TCP,0.06884,1072,14,0.4458955223880597,0.5714285714285714
192.168.29.190,192.168.29.1,TCP,0.069248,864,14,0.5532407407407407,0.5714285714285714
192.168.29.190,192.168.29.1,TCP,0.111541,823,13,0.5176184690157959,0.5384615384615384
192.168.29.190,192.168.29.1,TCP,0.121744,826,13,0.5157384987893463,0.5384615384615384
192.168.29.190,192.168.29.1,TCP,0.131032,814,13,0.5233415233415234,0.5384615384615384
192.168.29.190,192.168.29.1,TCP,0.087425,849,13,0.49823321554770317,0.5384615384615384
192.168.29.190,192.168.29.1,TCP,0.08825,904,13,0.46792035398230086,0.5384615384615384
192.168.29.190,192.168.29.1,TCP,0.089014,968,13,0.4369834710743802,0.5384615384615384
192.168.29.190,192.168.29.1,TCP,0.087803,884,13,0.48642533936651583,0.5384615384615384
192.168.29.190,192.168.29.1,TCP,0.09943,862,13,0.4988399071925754,0.5384615384615384
192.168.29.190,192.168.29.1,TCP,0.086873,850,13,0.5058823529411764,0.5384615384615384
192.168.29.190,192.168.29.1,TCP,0.099756,845,13,0.5029585798816568,0.5384615384615384
192.168.29.190,192.168.29.1,TCP,0.082948,942,13,0.45116772823779194,0.5384615384615384
192.168.29.190,192.168.29.1,TCP,0.083723,1086,13,0.39134438305709024,0.5384615384615384
192.168.29.190,192.168.29.1,TCP,0.096632,929,13,0.4790096878363832,0.5384615384615384
192.168.29.190,192.168.29.1,TCP,0.034068,1002,14,0.49800399201596807,0.5714285714285714
192.168.29.190,192.168.29.1,TCP,0.112261,900,13,0.49444444444444446,0.5384615384615384
192.168.29.190,192.168.29.1,TCP,0.092704,925,13,0.4810810810810811,0.5384615384615384
192.168.29.190,192.168.29.1,TCP,0.093833,896,13,0.4966517857142857,0.5384615384615384
192.168.29.190,192.168.29.1,TCP,0.121314,925,13,0.4810810810810811,0.5384615384615384
192.168.29.190,140.82.114.22,TCP,0.0,55,1,1.0,1.0
192.168.29.98,192.168.29.255,UDP,0.0,367,1,1.0,1.0
192.168.29.190,192.168.29.1,TCP,0.087428,925,13,0.4810810810810811,0.5384615384615384
192.168.29.190,192.168.29.1,TCP,0.091967,896,13,0.4966517857142857,0.5384615384615384
192.168.29.190,192.168.29.1,TCP,0.090175,925,13,0.4810810810810811,0.5384615384615384
192.168.29.190,140.82.114.22,TCP,0.0,66,1,1.0,1.0
192.168.29.190,20.199.39.224,TCP,29.983444,454,7,0.3590308370044053,0.42857142857142855
192.168.29.190,192.168.29.1,TCP,0.047479,925,13,0.4810810810810811,0.5384615384615384
192.168.29.190,192.168.29.1,TCP,0.054236,896,13,0.4966517857142857,0.5384615384615384
192.168.29.190,192.168.29.1,TCP,0.066633,925,13,0.4810810810810811,0.5384615384615384
192.168.29.98,192.168.29.255,UDP,0.0,367,1,1.0,1.0
192.168.29.190,140.82.114.22,TCP,3.01718,198,3,1.0,1.0
192.168.29.190,20.207.73.82,TCP,27.668989,6231,18,0.385652383245065,0.4444444444444444
192.168.29.190,192.168.29.1,TCP,0.054025,940,14,0.5106382978723404,0.5714285714285714
192.168.29.190,192.168.29.1,TCP,0.05526,938,14,0.511727078891258,0.5714285714285714
192.168.29.190,192.168.29.1,TCP,0.12128,860,13,0.49534883720930234,0.5384615384615384
192.168.29.190,192.168.29.1,TCP,0.121468,859,13,0.4959254947613504,0.5384615384615384
192.168.29.190,192.168.29.1,TCP,0.120093,854,13,0.49882903981264637,0.5384615384615384
192.168.29.190,192.168.29.1,TCP,0.120091,830,13,0.5132530120481927,0.5384615384615384
192.168.29.190,192.168.29.1,TCP,0.114458,856,13,0.5070093457943925,0.5384615384615384
192.168.29.190,192.168.29.1,TCP,0.113522,842,13,0.5154394299287411,0.5384615384615384
192.168.29.190,192.168.29.1,TCP,0.097091,846,13,0.5130023640661938,0.5384615384615384
192.168.29.190,192.168.29.1,TCP,0.101339,1021,13,0.41723800195886385,0.5384615384615384
192.168.29.190,192.168.29.1,TCP,0.047326,1075,14,0.44651162790697674,0.5714285714285714
192.168.29.190,192.168.29.1,TCP,0.084485,1098,14,0.44171220400728595,0.5714285714285714
192.168.29.190,192.168.29.1,TCP,0.088366,1098,14,0.44171220400728595,0.5714285714285714
192.168.29.190,3.211.157.115,TCP,30.563435,1166,9,0.5188679245283019,0.4444444444444444
192.168.29.190,192.168.29.1,TCP,0.123622,985,13,0.43248730964467,0.5384615384615384
192.168.29.190,192.168.29.1,TCP,0.155703,1001,13,0.4305694305694306,0.5384615384615384
192.168.29.190,192.168.29.1,TCP,0.136693,1111,14,0.44104410441044106,0.5714285714285714
192.168.29.190,192.168.29.1,TCP,0.213212,1165,15,0.4206008583690987,0.5333333333333333
192.168.29.190,192.168.29.1,TCP,0.215223,1129,15,0.43401240035429584,0.5333333333333333
192.168.29.190,192.168.29.1,TCP,0.203273,1133,15,0.4227714033539276,0.5333333333333333
192.168.29.190,192.168.29.1,TCP,0.204914,1133,15,0.4227714033539276,0.5333333333333333
192.168.29.190,192.168.29.1,TCP,0.236231,1097,15,0.4366453965360073,0.5333333333333333
192.168.29.190,192.168.29.1,TCP,0.233304,1154,15,0.4220103986135182,0.5333333333333333
192.168.29.190,192.168.29.1,TCP,0.245628,1100,14,0.44272727272727275,0.5714285714285714
192.168.29.190,192.168.29.1,TCP,0.245882,1118,15,0.43559928443649376,0.5333333333333333
192.168.29.190,192.168.29.1,TCP,0.261699,966,14,0.5113871635610766,0.5714285714285714
192.168.29.190,192.168.29.1,TCP,0.264574,1020,15,0.4843137254901961,0.5333333333333333
192.168.29.190,192.168.29.1,TCP,0.26999,896,14,0.5513392857142857,0.5714285714285714
192.168.29.190,192.168.29.1,TCP,0.24884,1123,14,0.4390026714158504,0.5714285714285714
192.168.29.190,192.168.29.1,TCP,0.307886,1069,13,0.4106641721234799,0.5384615384615384
192.168.29.190,192.168.29.1,TCP,0.311629,1033,13,0.4249757986447241,0.5384615384615384
192.168.29.190,20.244.99.23,TCP,0.423921,5692,16,0.7984891075193253,0.5
192.168.29.190,192.168.29.1,TCP,0.316239,1123,15,0.45592163846838824,0.5333333333333333
192.168.29.190,192.168.29.1,TCP,0.318331,1125,15,0.45511111111111113,0.5333333333333333
192.168.29.190,192.168.29.1,TCP,0.320489,1089,15,0.4701561065197429,0.5333333333333333
192.168.29.190,192.168.29.1,TCP,0.322819,1120,15,0.45535714285714285,0.5333333333333333
192.168.29.190,192.168.29.1,TCP,0.326839,1120,15,0.45535714285714285,0.5333333333333333
192.168.29.190,192.168.29.1,TCP,0.36156,1084,15,0.470479704797048,0.5333333333333333
192.168.29.190,192.168.29.1,TCP,0.38238,1108,15,0.4575812274368231,0.5333333333333333
192.168.29.190,192.168.29.1,TCP,0.382649,1082,15,0.4685767097966728,0.5333333333333333
192.168.29.190,192.168.29.1,TCP,0.384351,1058,15,0.4792060491493384,0.5333333333333333
192.168.29.190,192.168.29.1,TCP,0.387001,1123,15,0.45592163846838824,0.5333333333333333
192.168.29.190,192.168.29.1,TCP,0.423017,1126,15,0.4547069271758437,0.5333333333333333
192.168.29.190,192.168.29.1,TCP,0.435268,1090,15,0.46972477064220186,0.5333333333333333
192.168.29.190,192.168.29.1,TCP,0.463592,1107,15,0.45799457994579945,0.5333333333333333
192.168.29.190,192.168.29.1,TCP,0.464007,1109,15,0.4571686203787196,0.5333333333333333
192.168.29.190,192.168.29.1,TCP,0.46441,1073,15,0.4725069897483691,0.5333333333333333
192.168.29.190,192.168.29.1,TCP,0.465119,1115,15,0.45739910313901344,0.5333333333333333
192.168.29.190,192.168.29.1,TCP,1.194135,132,2,1.0,1.0
192.168.29.190,192.168.29.1,TCP,1.191665,132,2,1.0,1.0
192.168.29.190,192.168.29.1,TCP,1.192979,132,2,1.0,1.0
192.168.29.190,192.168.29.1,TCP,1.19165,132,2,1.0,1.0
192.168.29.190,192.168.29.1,TCP,1.190303,132,2,1.0,1.0
192.168.29.190,192.168.29.1,TCP,1.191803,132,2,1.0,1.0
192.168.29.190,192.168.29.1,TCP,1.189073,132,2,1.0,1.0
192.168.29.190,192.168.29.1,TCP,1.186752,132,2,1.0,1.0
192.168.29.190,192.168.29.1,TCP,1.471848,799,11,0.4355444305381727,0.5454545454545454
192.168.29.190,192.168.29.1,TCP,1.474675,776,10,0.4484536082474227,0.6
192.168.29.190,192.168.29.1,TCP,1.474231,348,6,0.6896551724137931,0.6666666666666666
192.168.29.190,192.168.29.1,TCP,1.427883,241,4,0.5477178423236515,0.5
192.168.29.190,192.168.29.1,TCP,1.473576,787,10,0.44218551461245237,0.6
192.168.29.190,192.168.29.1,TCP,1.517907,240,4,0.775,0.75
192.168.29.190,192.168.29.1,TCP,1.455155,186,3,0.7096774193548387,0.6666666666666666
192.168.29.190,192.168.29.1,TCP,1.468528,457,8,0.5251641137855579,0.5
192.168.29.190,192.168.29.1,TCP,1.446145,186,3,0.7096774193548387,0.6666666666666666
192.168.29.190,192.168.29.1,TCP,1.467959,187,3,0.7058823529411765,0.6666666666666666
192.168.29.190,192.168.29.1,TCP,1.420834,662,8,0.44410876132930516,0.625
192.168.29.190,192.168.29.1,TCP,1.536409,668,8,0.44011976047904194,0.625
192.168.29.190,35.156.203.115,TCP,0.540954,7105,10,0.3003518648838846,0.5
192.168.29.190,16.209.30.103,TCP,1.100438,9939,22,0.3343394707717074,0.5454545454545454
192.168.29.190,16.209.30.103,TCP,0.669878,2519,8,0.813815005954744,0.5
192.168.29.190,192.168.29.1,TCP,0.257937,793,11,0.4691046658259773,0.5454545454545454
192.168.29.190,192.168.29.1,TCP,0.174998,384,6,0.6875,0.6666666666666666
192.168.29.190,192.168.29.1,TCP,0.184413,384,6,0.6875,0.6666666666666666
192.168.29.190,35.156.203.115,TCP,1.19722,5281,14,0.4529445180836963,0.5
192.168.29.190,35.173.103.170,TCP,1.219487,3309,12,0.13055303717135086,0.4166666666666667
192.168.29.190,35.177.184.135,TCP,0.967364,7995,20,0.4038774233896185,0.55
192.168.29.190,35.177.184.135,TCP,0.687729,5762,14,0.06004859423811177,0.35714285714285715
192.168.29.190,52.41.166.128,TCP,1.096457,198,3,0.3333333333333333,0.3333333333333333
192.168.29.190,3.14.243.147,TCP,0.854424,11184,25,0.2934549356223176,0.48
192.168.29.190,56.125.207.44,TCP,1.311458,11118,24,0.2845835581939198,0.4583333333333333
44.240.158.19,192.168.29.190,TCP,0.922262,132,2,1.0,1.0
44.242.13.161,192.168.29.190,TCP,0.928294,132,2,1.0,1.0
3.104.179.247,192.168.29.190,TCP,0.459625,11105,23,0.7067086897793786,0.5217391304347826
192.168.29.190,3.14.243.147,TCP,0.698992,7721,17,0.28998834347882396,0.4117647058823529
192.168.29.190,3.104.179.247,TCP,0.520589,7736,16,0.29136504653567735,0.375
192.168.29.190,56.125.207.44,TCP,1.040006,7735,16,0.2936005171299289,0.4375
192.168.29.190,192.168.29.1,TCP,0.135557,1010,13,0.4514851485148515,0.5384615384615384
192.168.29.190,192.168.29.1,TCP,0.122467,974,13,0.4650924024640657,0.5384615384615384
192.168.29.190,192.168.29.1,TCP,0.143026,1018,13,0.449901768172888,0.5384615384615384
192.168.29.190,54.199.134.64,TCP,0.57896,11129,25,0.28996315931350525,0.48
192.168.29.190,54.199.134.64,TCP,0.32638,7726,17,0.2904478384675123,0.4117647058823529
192.168.29.190,192.168.29.1,TCP,0.101738,925,13,0.4854054054054054,0.5384615384615384
192.168.29.190,192.168.29.1,TCP,0.099826,872,13,0.5149082568807339,0.5384615384615384
192.168.29.190,192.168.29.1,TCP,0.106691,860,13,0.522093023255814,0.5384615384615384
192.168.29.190,34.223.153.246,TCP,3.444458,198,3,0.3333333333333333,0.3333333333333333
192.168.29.190,44.242.13.161,TCP,3.498474,264,4,0.25,0.25
192.168.29.190,44.240.158.19,TCP,3.553559,198,3,0.3333333333333333,0.3333333333333333
192.168.29.190,52.41.166.128,TCP,3.543566,264,4,0.25,0.25
192.168.29.190,44.242.13.161,TCP,3.471677,264,4,0.25,0.25
192.168.29.190,44.242.13.161,TCP,3.435135,264,4,0.25,0.25
192.168.29.190,44.240.158.19,TCP,3.484594,198,3,0.3333333333333333,0.3333333333333333
192.168.29.190,52.41.166.128,TCP,3.38918,198,3,0.3333333333333333,0.3333333333333333
192.168.29.190,44.242.13.161,TCP,3.337759,264,4,0.25,0.25
192.168.29.190,44.242.13.161,TCP,3.315482,264,4,0.25,0.25
192.168.29.190,44.242.13.161,TCP,3.328182,264,4,0.25,0.25
192.168.29.190,44.242.13.161,TCP,3.305731,264,4,0.25,0.25
192.168.29.190,35.173.103.170,TCP,3.13564,264,4,0.25,0.25
192.168.29.1,192.168.29.190,TCP,0.055208,486,7,0.6666666666666666,0.5714285714285714
192.168.29.1,192.168.29.190,TCP,0.065876,481,7,0.6632016632016632,0.5714285714285714
192.168.29.1,192.168.29.190,TCP,0.104441,457,7,0.6455142231947484,0.5714285714285714
192.168.29.190,78.13.86.2,TCP,3.466479,264,4,0.25,0.25
192.168.29.98,192.168.29.255,UDP,0.0,367,1,1.0,1.0
192.168.29.190,192.168.29.1,TCP,0.074192,849,13,0.49823321554770317,0.5384615384615384
192.168.29.190,192.168.29.1,TCP,0.099152,904,13,0.46792035398230086,0.5384615384615384
192.168.29.190,192.168.29.1,TCP,0.097971,952,13,0.44432773109243695,0.5384615384615384
192.168.29.1,192.168.29.190,UDP,0.0,43,1,1.0,1.0
192.168.29.190,140.82.113.25,TCP,1.78136,109,2,0.5045871559633027,0.5
192.168.29.98,192.168.29.255,UDP,0.0,367,1,1.0,1.0
192.168.29.57,224.0.0.251,UDP,1.022241,264,3,1.0,1.0
192.168.29.190,20.42.65.88,TCP,1.110309,9149,19,0.37588807519947537,0.47368421052631576
192.168.29.57,224.0.0.251,UDP,3.684861,258,3,1.0,1.0
192.168.29.135,224.0.0.251,UDP,3.070466,178,2,1.0,1.0
192.168.29.190,140.82.112.22,TCP,1.572542,5084,5,0.8792289535798584,0.6
192.168.29.98,192.168.29.255,UDP,0.0,367,1,1.0,1.0
192.168.29.190,192.168.29.1,TCP,0.084893,848,13,0.4964622641509434,0.5384615384615384
192.168.29.190,192.168.29.1,TCP,0.094718,816,13,0.5159313725490197,0.5384615384615384
192.168.29.190,192.168.29.1,TCP,0.084676,804,13,0.5236318407960199,0.5384615384615384
192.168.29.190,140.82.112.22,TCP,3.49094,162,3,0.6666666666666666,0.6666666666666666
192.168.29.98,192.168.29.255,UDP,0.0,367,1,1.0,1.0
4.225.11.192,192.168.29.190,TCP,0.176364,333,5,0.6756756756756757,0.6
192.168.29.190,20.42.65.85,TCP,1.134088,10970,20,0.479489516864175,0.5
192.168.29.190,140.82.112.22,TCP,12.889674,38168,50,0.7969765248375602,0.5
192.168.29.190,3.211.157.115,TCP,24.46753,391,7,0.5549872122762148,0.5714285714285714
192.168.29.190,140.82.112.22,TCP,13.092483,1718,5,0.09429569266589057,0.6
192.168.29.98,192.168.29.255,UDP,0.0,367,1,1.0,1.0
192.168.29.190,140.82.113.22,TCP,2.060456,121,2,0.45454545454545453,0.5
192.168.29.98,192.168.29.255,UDP,0.0,367,1,1.0,1.0
192.168.29.190,52.183.220.149,TCP,1.550243,6841,23,0.28548457827802953,0.5217391304347826
192.168.29.190,192.168.29.1,TCP,0.121494,893,13,0.48152295632698766,0.5384615384615384
192.168.29.190,192.168.29.1,TCP,0.121648,864,13,0.4976851851851852,0.5384615384615384
192.168.29.190,192.168.29.1,TCP,0.123228,878,13,0.489749430523918,0.5384615384615384
192.168.29.98,192.168.29.255,UDP,0.0,367,1,1.0,1.0
192.168.29.190,57.155.141.113,TCP,0.0,54,1,1.0,1.0
192.168.29.98,192.168.29.255,UDP,0.0,367,1,1.0,1.0
192.168.29.190,192.168.29.1,TCP,0.084283,819,13,0.5177045177045178,0.5384615384615384
192.168.29.190,192.168.29.1,TCP,0.084868,822,13,0.5158150851581509,0.5384615384615384
192.168.29.190,192.168.29.1,TCP,0.108871,922,13,0.4598698481561822,0.5384615384615384
192.168.29.98,192.168.29.255,UDP,0.0,367,1,1.0,1.0
192.168.29.190,20.244.99.23,TCP,4.844875,271,5,0.6014760147601476,0.6
192.168.29.190,192.168.29.1,TCP,0.077963,912,13,0.4824561403508772,0.5384615384615384
192.168.29.190,192.168.29.1,TCP,0.077936,842,13,0.5225653206650831,0.5384615384615384
192.168.29.190,192.168.29.1,TCP,0.093842,912,13,0.4824561403508772,0.5384615384615384
192.168.29.190,192.168.29.1,TCP,0.107276,886,13,0.48645598194130923,0.5384615384615384
192.168.29.190,192.168.29.1,TCP,0.090397,886,13,0.48645598194130923,0.5384615384615384
192.168.29.190,192.168.29.1,TCP,0.091687,824,13,0.5230582524271845,0.5384615384615384
192.168.29.190,34.139.124.58,TCP,0.534213,6778,12,0.3157273532015344,0.4166666666666667
192.168.29.190,20.190.145.160,TCP,0.021485,162,3,0.6666666666666666,0.6666666666666666
192.168.29.190,162.159.142.9,TCP,0.018155,162,3,0.6666666666666666,0.6666666666666666
35.185.21.228,192.168.29.190,TCP,28.517201,391,7,0.44501278772378516,0.42857142857142855
192.168.29.190,20.244.99.23,TCP,13.596394,4130,17,0.7561743341404359,0.5294117647058824
192.168.29.190,34.139.124.58,TCP,13.81052,12829,40,0.4361212877075376,0.525
192.168.29.190,34.139.124.58,TCP,13.498957,7425,19,0.3239057239057239,0.47368421052631576
192.168.29.190,192.168.29.1,TCP,0.083008,878,13,0.4886104783599089,0.5384615384615384
192.168.29.190,192.168.29.1,TCP,0.097037,856,13,0.5011682242990654,0.5384615384615384
192.168.29.190,192.168.29.1,TCP,0.102351,844,13,0.5082938388625592,0.5384615384615384
192.168.29.98,192.168.29.255,UDP,0.0,367,1,1.0,1.0
192.168.29.190,192.168.29.1,TCP,0.090157,917,13,0.4787350054525627,0.5384615384615384
192.168.29.190,192.168.29.1,TCP,0.074844,852,13,0.5152582159624414,0.5384615384615384
192.168.29.190,192.168.29.1,TCP,0.090005,840,13,0.5226190476190476,0.5384615384615384
192.168.29.190,192.168.29.1,TCP,0.074352,845,13,0.5029585798816568,0.5384615384615384
192.168.29.190,192.168.29.1,TCP,0.073375,942,13,0.45116772823779194,0.5384615384615384
192.168.29.190,192.168.29.1,TCP,0.085537,1086,13,0.39134438305709024,0.5384615384615384
192.168.29.190,192.168.29.1,TCP,0.104478,853,13,0.49824150058616645,0.5384615384615384
192.168.29.190,192.168.29.1,TCP,0.089868,824,13,0.5157766990291263,0.5384615384615384
192.168.29.190,192.168.29.1,TCP,0.104239,812,13,0.5233990147783252,0.5384615384615384
192.168.29.190,20.189.173.1,TCP,0.22157,121,2,0.45454545454545453,0.5
192.168.29.190,192.168.29.1,TCP,0.096571,925,13,0.4810810810810811,0.5384615384615384
192.168.29.190,192.168.29.1,TCP,0.080608,896,13,0.4966517857142857,0.5384615384615384
192.168.29.190,192.168.29.1,TCP,0.079497,925,13,0.4810810810810811,0.5384615384615384
192.168.29.190,140.82.112.21,TCP,0.0,55,1,1.0,1.0
192.168.29.190,140.82.112.21,TCP,0.275044,121,2,0.45454545454545453,0.5
192.168.29.190,192.168.29.1,TCP,0.079558,923,13,0.4658721560130011,0.5384615384615384
192.168.29.190,192.168.29.1,TCP,0.115018,923,13,0.4658721560130011,0.5384615384615384
192.168.29.190,192.168.29.1,TCP,0.081528,855,13,0.5029239766081871,0.5384615384615384
192.168.29.190,140.82.113.21,TCP,1.365003,17953,28,0.5957221634267253,0.42857142857142855
192.168.29.190,192.168.29.1,TCP,0.092242,849,13,0.4958775029446408,0.5384615384615384
192.168.29.190,192.168.29.1,TCP,0.096876,816,13,0.5159313725490197,0.5384615384615384
192.168.29.190,192.168.29.1,TCP,0.092699,820,13,0.5134146341463415,0.5384615384615384
192.168.29.98,192.168.29.255,UDP,0.0,367,1,1.0,1.0
192.168.29.1,192.168.29.190,UDP,0.0,43,1,1.0,1.0
192.168.29.135,224.0.0.251,UDP,3.896444,300,3,1.0,1.0
192.168.29.190,140.82.113.21,TCP,15.037726,330,5,1.0,1.0
192.168.29.190,192.168.29.1,TCP,0.038152,938,14,0.5159914712153518,0.5714285714285714
192.168.29.190,192.168.29.1,TCP,0.136939,862,13,0.4988399071925754,0.5384615384615384
192.168.29.190,192.168.29.1,TCP,0.086912,850,13,0.5058823529411764,0.5384615384615384
192.168.29.98,192.168.29.255,UDP,0.0,367,1,1.0,1.0
192.168.29.98,192.168.29.255,UDP,0.0,367,1,1.0,1.0
192.168.29.57,224.0.0.251,UDP,28.678324,300,3,1.0,1.0
140.82.112.21,192.168.29.190,TCP,0.000545,132,2,0.5909090909090909,0.5
192.168.29.190,20.189.173.1,TCP,0.206038,121,2,0.45454545454545453,0.5
192.168.29.190,140.82.113.21,TCP,0.0,55,1,1.0,1.0
192.168.29.190,192.168.29.1,TCP,0.093872,919,13,0.46789989118607184,0.5384615384615384
192.168.29.190,192.168.29.1,TCP,0.105874,864,13,0.4976851851851852,0.5384615384615384
192.168.29.190,192.168.29.1,TCP,0.0918,878,13,0.489749430523918,0.5384615384615384
192.168.29.98,192.168.29.255,UDP,0.0,367,1,1.0,1.0
192.168.29.190,239.255.255.250,UDP,3.011323,848,4,1.0,1.0
192.168.29.190,192.168.29.1,TCP,0.123033,819,13,0.5177045177045178,0.5384615384615384
192.168.29.190,192.168.29.1,TCP,0.124041,822,13,0.5158150851581509,0.5384615384615384
192.168.29.190,192.168.29.1,TCP,0.121034,810,13,0.5234567901234568,0.5384615384615384
192.168.29.190,192.168.29.1,TCP,0.07984,935,14,0.5272727272727272,0.5714285714285714
192.168.29.190,192.168.29.1,TCP,0.081625,906,14,0.5441501103752759,0.5714285714285714
192.168.29.190,192.168.29.1,TCP,0.152113,840,13,0.5226190476190476,0.5384615384615384
192.168.29.190,192.168.29.1,TCP,0.113625,878,13,0.4886104783599089,0.5384615384615384
192.168.29.190,192.168.29.1,TCP,0.115084,856,13,0.5011682242990654,0.5384615384615384
192.168.29.190,192.168.29.1,TCP,0.114704,844,13,0.5082938388625592,0.5384615384615384
192.168.29.98,192.168.29.255,UDP,0.0,367,1,1.0,1.0
192.168.29.190,40.79.173.41,TCP,0.136423,162,3,0.6666666666666666,0.6666666666666666
20.189.173.1,192.168.29.190,TCP,0.0,54,1,1.0,1.0
192.168.29.190,192.168.29.1,TCP,0.096315,878,13,0.4886104783599089,0.5384615384615384
192.168.29.190,192.168.29.1,TCP,0.093619,856,13,0.5011682242990654,0.5384615384615384
192.168.29.190,192.168.29.1,TCP,0.093695,844,13,0.5082938388625592,0.5384615384615384
192.168.29.190,140.82.112.21,TCP,28.388334,454,7,0.3590308370044053,0.42857142857142855
192.168.29.190,140.82.112.21,TCP,0.494215,108,2,0.5,0.5
192.168.29.98,192.168.29.255,UDP,0.0,367,1,1.0,1.0
192.168.29.190,192.168.29.1,TCP,0.074883,893,13,0.48152295632698766,0.5384615384615384
192.168.29.190,192.168.29.1,TCP,0.08454,864,13,0.4976851851851852,0.5384615384615384
192.168.29.190,192.168.29.1,TCP,0.099121,852,13,0.5046948356807511,0.5384615384615384
192.168.29.190,57.155.141.113,TCP,0.051561,216,4,0.5,0.5
192.168.29.98,192.168.29.255,UDP,0.0,367,1,1.0,1.0
192.168.29.190,140.82.113.21,TCP,0.0,55,1,1.0,1.0
192.168.29.98,192.168.29.255,UDP,0.0,367,1,1.0,1.0
192.168.29.1,192.168.29.190,UDP,0.0,43,1,1.0,1.0
192.168.29.190,52.168.117.168,TCP,1.202912,17866,26,0.5683980745550207,0.46153846153846156
192.168.29.57,224.0.0.251,UDP,0.0,100,1,1.0,1.0
192.168.29.132,224.0.0.251,UDP,0.0,100,1,1.0,1.0
192.168.29.190,192.168.29.1,TCP,0.097977,849,13,0.4958775029446408,0.5384615384615384
192.168.29.190,192.168.29.1,TCP,0.095106,816,13,0.5159313725490197,0.5384615384615384
192.168.29.190,192.168.29.1,TCP,0.097848,820,13,0.5134146341463415,0.5384615384615384
192.168.29.135,224.0.0.251,UDP,4.125887,300,3,1.0,1.0
192.168.29.190,192.168.29.1,TCP,0.014054,925,13,0.4810810810810811,0.5384615384615384
192.168.29.190,192.168.29.1,TCP,0.029079,896,13,0.4966517857142857,0.5384615384615384
192.168.29.190,192.168.29.1,TCP,0.027463,884,13,0.503393665158371,0.5384615384615384
192.168.29.98,192.168.29.255,UDP,0.0,367,1,1.0,1.0
192.168.29.190,192.168.29.1,TCP,0.103588,893,13,0.48152295632698766,0.5384615384615384
192.168.29.190,192.168.29.1,TCP,0.144967,864,13,0.4976851851851852,0.5384615384615384
192.168.29.190,192.168.29.1,TCP,0.146459,878,13,0.489749430523918,0.5384615384615384
192.168.29.190,192.168.29.1,TCP,0.069818,845,13,0.4982248520710059,0.5384615384615384
192.168.29.190,192.168.29.1,TCP,0.075852,900,13,0.4677777777777778,0.5384615384615384
192.168.29.190,192.168.29.1,TCP,0.122495,948,13,0.4440928270042194,0.5384615384615384
192.168.29.190,192.168.29.1,TCP,0.090723,819,13,0.5177045177045178,0.5384615384615384
192.168.29.190,192.168.29.1,TCP,0.108436,822,13,0.5158150851581509,0.5384615384615384
192.168.29.190,192.168.29.1,TCP,0.081403,810,13,0.5234567901234568,0.5384615384615384
192.168.29.190,192.168.29.1,TCP,0.081746,853,13,0.49824150058616645,0.5384615384615384
192.168.29.190,192.168.29.1,TCP,0.021669,878,14,0.5455580865603644,0.5714285714285714
192.168.29.190,192.168.29.1,TCP,0.079003,812,13,0.5233990147783252,0.5384615384615384
192.168.29.190,192.168.29.1,TCP,0.072761,849,13,0.49823321554770317,0.5384615384615384
192.168.29.190,192.168.29.1,TCP,0.156636,904,13,0.46792035398230086,0.5384615384615384
192.168.29.190,192.168.29.1,TCP,0.083108,968,13,0.4369834710743802,0.5384615384615384
192.168.29.190,192.168.29.1,TCP,0.143849,825,13,0.5175757575757576,0.5384615384615384
192.168.29.190,192.168.29.1,TCP,0.14403,828,13,0.5157004830917874,0.5384615384615384
192.168.29.190,192.168.29.1,TCP,0.146788,816,13,0.5232843137254902,0.5384615384615384
192.168.29.190,192.168.29.1,TCP,0.13101,869,13,0.4982738780207135,0.5384615384615384
192.168.29.190,192.168.29.1,TCP,0.114134,840,13,0.5154761904761904,0.5384615384615384
192.168.29.190,192.168.29.1,TCP,0.1297,828,13,0.5229468599033816,0.5384615384615384
192.168.29.190,140.82.113.21,TCP,3.045862,198,3,1.0,1.0
192.168.29.98,192.168.29.255,UDP,0.0,367,1,1.0,1.0
192.168.29.190,192.168.29.1,TCP,0.087882,882,13,0.48299319727891155,0.5384615384615384
192.168.29.190,192.168.29.1,TCP,0.091495,901,13,0.4728079911209767,0.5384615384615384
192.168.29.190,192.168.29.1,TCP,0.108591,833,13,0.5114045618247299,0.5384615384615384
192.168.29.190,140.82.113.21,TCP,0.0,55,1,1.0,1.0
192.168.29.190,192.168.29.1,TCP,0.10795,877,13,0.4982896237172178,0.5384615384615384
192.168.29.190,192.168.29.1,TCP,0.077671,902,14,0.4844789356984479,0.5
192.168.29.190,192.168.29.1,TCP,0.0925,890,14,0.4910112359550562,0.5
192.168.29.98,192.168.29.255,UDP,0.0,367,1,1.0,1.0
192.168.29.190,140.82.112.26,TCP,15.031271,330,5,1.0,1.0
192.168.29.190,52.168.117.168,TCP,2.578576,121,2,0.45454545454545453,0.5
192.168.29.98,192.168.29.255,UDP,0.0,367,1,1.0,1.0
192.168.29.190,239.255.255.250,UDP,3.036965,848,4,1.0,1.0
192.168.29.98,192.168.29.255,UDP,0.0,367,1,1.0,1.0
192.168.29.190,192.168.29.1,TCP,0.09947,919,13,0.46789989118607184,0.5384615384615384
192.168.29.190,192.168.29.1,TCP,0.121424,864,13,0.4976851851851852,0.5384615384615384
192.168.29.190,192.168.29.1,TCP,0.121609,852,13,0.5046948356807511,0.5384615384615384
0.0.0.0,255.255.255.255,UDP,0.000283,684,2,1.0,1.0
192.168.29.140,239.255.255.250,UDP,3.073279,852,4,1.0,1.0
192.168.29.98,192.168.29.255,UDP,0.0,367,1,1.0,1.0
192.168.29.190,192.168.29.1,TCP,0.075422,966,14,0.5113871635610766,0.5714285714285714
192.168.29.190,192.168.29.1,TCP,0.102843,912,13,0.4824561403508772,0.5384615384615384
192.168.29.190,192.168.29.1,TCP,0.174164,842,13,0.5225653206650831,0.5384615384615384
192.168.29.190,192.168.29.1,TCP,0.069303,940,14,0.5159574468085106,0.5714285714285714
192.168.29.190,192.168.29.1,TCP,0.18998,886,13,0.48645598194130923,0.5384615384615384
192.168.29.190,192.168.29.1,TCP,0.16644,824,13,0.5230582524271845,0.5384615384615384
192.168.29.190,20.244.99.23,TCP,0.124382,3850,13,0.7524675324675325,0.46153846153846156
192.168.29.190,34.139.124.58,TCP,1.09842,12717,36,0.42973971848706455,0.5
192.168.29.190,34.139.124.58,TCP,0.617406,6986,14,0.31548811909533353,0.35714285714285715
192.168.29.190,34.139.124.58,TCP,0.798124,7325,17,0.30921501706484644,0.4117647058823529
192.168.29.190,192.168.29.1,TCP,0.12621,859,13,0.4935972060535506,0.5384615384615384
192.168.29.190,192.168.29.1,TCP,0.071238,913,14,0.5235487404162102,0.5714285714285714
192.168.29.190,192.168.29.1,TCP,0.12634,810,13,0.5234567901234568,0.5384615384615384
192.168.29.190,192.168.29.1,TCP,0.069245,958,14,0.5052192066805845,0.5714285714285714
192.168.29.190,192.168.29.1,TCP,0.134651,923,13,0.4658721560130011,0.5384615384615384
192.168.29.190,192.168.29.1,TCP,0.13668,855,13,0.5029239766081871,0.5384615384615384
4.225.11.192,192.168.29.190,TCP,0.181947,333,5,0.6756756756756757,0.6
140.82.112.25,192.168.29.190,TCP,0.285,216,3,0.6157407407407407,0.6666666666666666
192.168.29.98,192.168.29.255,UDP,0.0,367,1,1.0,1.0
192.168.29.190,239.255.255.250,UDP,3.011415,848,4,1.0,1.0
192.168.29.190,20.189.173.2,TCP,12.695181,7196,17,0.9002223457476376,0.47058823529411764
192.168.29.190,140.82.112.21,TCP,1.439599,15683,25,0.5365682586239877,0.4
192.168.29.190,4.213.25.241,TCP,0.078991,434,3,0.4815668202764977,0.6666666666666666
192.168.29.190,34.139.124.58,TCP,10.364841,283,5,0.5759717314487632,0.6
192.168.29.190,20.244.99.23,TCP,0.03365,162,3,0.6666666666666666,0.6666666666666666
192.168.29.190,192.168.29.1,TCP,0.107706,912,13,0.4824561403508772,0.5384615384615384
192.168.29.190,192.168.29.1,TCP,0.109202,912,13,0.4824561403508772,0.5384615384615384
192.168.29.190,192.168.29.1,TCP,0.107927,842,13,0.5225653206650831,0.5384615384615384
192.168.29.190,20.244.99.23,TCP,0.145899,3914,13,0.7565150740929995,0.46153846153846156
192.168.29.57,224.0.0.251,UDP,20.889145,483,5,1.0,1.0
192.168.29.98,192.168.29.255,UDP,0.0,367,1,1.0,1.0
0.0.0.0,255.255.255.255,UDP,0.0,342,1,1.0,1.0
192.168.29.140,239.255.255.250,UDP,3.273799,852,4,1.0,1.0
192.168.29.98,192.168.29.255,UDP,0.0,367,1,1.0,1.0
192.168.29.140,192.168.29.255,UDP,7.378213,1102,11,1.0,1.0
192.168.29.32,224.0.0.251,UDP,6.960507,603,5,1.0,1.0
192.168.29.98,192.168.29.255,UDP,0.0,367,1,1.0,1.0
192.168.29.1,192.168.29.190,UDP,0.0,43,1,1.0,1.0
192.168.29.190,192.168.29.1,TCP,0.104573,819,13,0.5177045177045178,0.5384615384615384
192.168.29.190,192.168.29.1,TCP,0.103209,1018,13,0.4165029469548134,0.5384615384615384
192.168.29.190,192.168.29.1,TCP,0.076182,810,13,0.5234567901234568,0.5384615384615384
192.168.29.190,20.189.173.2,TCP,0.215282,121,2,0.45454545454545453,0.5
192.168.29.190,192.168.29.1,UDP,0.035783,343,2,0.23323615160349853,0.5
192.168.29.190,192.168.29.1,UDP,0.037378,279,2,0.2867383512544803,0.5
192.168.29.190,40.126.18.33,TCP,0.428694,31306,30,0.25011179965501823,0.3333333333333333
192.168.29.190,40.126.18.33,TCP,0.494351,31646,29,0.2477406307274221,0.3448275862068966
192.168.29.98,192.168.29.255,UDP,0.0,367,1,1.0,1.0
192.168.29.190,140.82.112.25,TCP,14.998895,337,5,0.4094955489614243,0.4
192.168.29.190,140.82.113.21,TCP,29.985638,454,7,0.3590308370044053,0.42857142857142855
192.168.29.140,224.0.0.251,UDP,40.136888,9128,14,1.0,1.0
192.168.29.98,192.168.29.255,UDP,0.0,367,1,1.0,1.0
192.168.29.98,192.168.29.255,UDP,0.0,367,1,1.0,1.0
192.168.29.190,204.79.197.222,TCP,30.988514,30724,50,0.15769431063663586,0.32
192.168.29.190,13.107.42.254,TCP,6.84933,10855,34,0.37604790419161677,0.4411764705882353
192.168.29.190,192.168.29.1,TCP,0.12599,857,13,0.5017502917152858,0.5384615384615384
192.168.29.190,192.168.29.1,TCP,0.122585,834,13,0.5155875299760192,0.5384615384615384
192.168.29.190,192.168.29.1,TCP,0.125818,822,13,0.5231143552311436,0.5384615384615384
192.168.29.190,20.244.99.23,TCP,29.992924,307,5,0.3550488599348534,0.4
192.168.29.190,192.168.29.1,UDP,0.014008,274,2,0.2846715328467153,0.5
192.168.29.190,57.155.141.115,TCP,0.685409,11270,15,0.5744454303460514,0.5333333333333333
192.168.29.190,20.189.173.2,TCP,0.217482,121,2,0.45454545454545453,0.5
192.168.29.98,192.168.29.255,UDP,0.0,367,1,1.0,1.0
192.168.29.57,224.0.0.251,UDP,40.337528,705,6,1.0,1.0
192.168.29.98,192.168.29.255,UDP,0.0,367,1,1.0,1.0
192.168.29.190,140.82.112.25,TCP,14.996824,337,5,0.4094955489614243,0.4
192.168.29.190,239.255.255.250,UDP,3.017593,848,4,1.0,1.0
192.168.29.190,192.168.29.1,TCP,0.123581,819,13,0.5177045177045178,0.5384615384615384
192.168.29.190,192.168.29.1,TCP,0.123777,1018,13,0.4165029469548134,0.5384615384615384
192.168.29.190,192.168.29.1,TCP,0.102903,810,13,0.5234567901234568,0.5384615384615384
192.168.29.98,192.168.29.255,UDP,0.0,367,1,1.0,1.0
192.168.29.190,4.213.25.241,TCP,0.070941,434,3,0.4815668202764977,0.6666666666666666
20.189.173.2,192.168.29.190,TCP,0.0,54,1,1.0,1.0
192.168.29.190,20.244.99.23,TCP,0.030186,109,2,0.5045871559633027,0.5
192.168.29.98,192.168.29.255,UDP,0.0,367,1,1.0,1.0
192.168.29.72,192.168.29.255,UDP,0.0,82,1,1.0,1.0
192.168.29.140,224.0.0.251,UDP,0.0,301,1,1.0,1.0
192.168.29.1,192.168.29.190,UDP,0.0,43,1,1.0,1.0
192.168.29.190,192.168.29.1,TCP,0.119148,848,13,0.4964622641509434,0.5384615384615384
192.168.29.190,192.168.29.1,TCP,0.132864,816,13,0.5159313725490197,0.5384615384615384
192.168.29.190,192.168.29.1,TCP,0.131528,804,13,0.5236318407960199,0.5384615384615384
192.168.29.140,239.255.255.250,UDP,3.072349,852,4,1.0,1.0
192.168.29.72,224.0.0.251,UDP,3.894133,261,3,1.0,1.0
192.168.29.72,239.255.255.250,UDP,3.894105,501,3,1.0,1.0
192.168.29.32,224.0.0.251,UDP,4.096233,503,4,1.0,1.0
192.168.29.98,192.168.29.255,UDP,0.0,367,1,1.0,1.0
192.168.29.190,40.126.18.33,TCP,0.031278,162,3,0.6666666666666666,0.6666666666666666
192.168.29.190,40.126.18.33,TCP,0.029651,162,3,0.6666666666666666,0.6666666666666666
192.168.29.190,192.168.29.1,TCP,0.104902,904,13,0.4756637168141593,0.5384615384615384
192.168.29.190,192.168.29.1,TCP,0.105385,923,13,0.4658721560130011,0.5384615384615384
192.168.29.190,192.168.29.1,TCP,0.120445,855,13,0.5029239766081871,0.5384615384615384
192.168.29.190,20.244.99.23,TCP,0.032436,162,3,0.6666666666666666,0.6666666666666666
192.168.29.98,192.168.29.255,UDP,0.0,367,1,1.0,1.0
192.168.29.190,192.168.29.1,TCP,0.041695,600,10,0.6183333333333333,0.6
192.168.29.190,192.168.29.1,TCP,0.026723,999,14,0.4794794794794795,0.5714285714285714
192.168.29.190,192.168.29.1,TCP,0.027409,1143,14,0.41907261592300965,0.5714285714285714
192.168.29.190,140.82.112.25,TCP,14.986494,339,5,0.41002949852507375,0.4
192.168.29.190,192.168.29.1,TCP,0.085031,925,13,0.4810810810810811,0.5384615384615384
192.168.29.190,192.168.29.1,TCP,0.103204,896,13,0.4966517857142857,0.5384615384615384
192.168.29.190,192.168.29.1,TCP,0.10442,925,13,0.4810810810810811,0.5384615384615384
192.168.29.190,192.168.29.1,TCP,0.055289,407,6,0.5601965601965602,0.6666666666666666
192.168.29.190,192.168.29.1,TCP,0.072753,465,7,0.49032258064516127,0.5714285714285714
192.168.29.190,192.168.29.1,TCP,0.095862,453,7,0.5033112582781457,0.5714285714285714
192.168.29.190,192.168.29.1,TCP,0.136053,925,13,0.4810810810810811,0.5384615384615384
192.168.29.190,192.168.29.1,TCP,0.202506,896,13,0.4966517857142857,0.5384615384615384
192.168.29.190,192.168.29.1,TCP,0.152616,925,13,0.4810810810810811,0.5384615384615384
192.168.29.190,34.139.124.58,TCP,189.274987,202925,700,0.6356634224467168,0.45714285714285713
192.168.29.190,192.168.29.1,TCP,0.266191,893,13,0.49832026875699886,0.5384615384615384
192.168.29.190,192.168.29.1,TCP,0.261781,1002,14,0.49800399201596807,0.5714285714285714
192.168.29.190,192.168.29.1,TCP,0.269146,954,14,0.5230607966457023,0.5714285714285714
192.168.29.190,192.168.29.1,TCP,0.209648,903,14,0.5282392026578073,0.5714285714285714
192.168.29.190,192.168.29.1,TCP,0.217975,958,14,0.4979123173277662,0.5714285714285714
192.168.29.190,192.168.29.1,TCP,0.217903,1006,14,0.474155069582505,0.5714285714285714
192.168.29.190,192.168.29.1,TCP,0.153552,899,14,0.5283648498331479,0.5714285714285714
192.168.29.190,192.168.29.1,TCP,0.158753,954,14,0.4979035639412998,0.5714285714285714
192.168.29.190,192.168.29.1,TCP,0.169345,1002,14,0.4740518962075848,0.5714285714285714
192.168.29.190,192.168.29.1,TCP,0.091683,925,13,0.4810810810810811,0.5384615384615384
192.168.29.190,192.168.29.1,TCP,0.075373,896,13,0.4966517857142857,0.5384615384615384
192.168.29.190,192.168.29.1,TCP,0.101083,925,13,0.4810810810810811,0.5384615384615384
192.168.29.98,192.168.29.255,UDP,0.0,367,1,1.0,1.0
192.168.29.190,140.82.114.22,TCP,27.36032,26614,38,0.6947846997820696,0.42105263157894735
192.168.29.190,140.82.114.22,TCP,27.141834,8912,21,0.2732271095152603,0.42857142857142855
192.168.29.190,192.168.29.1,TCP,0.082191,878,13,0.48291571753986334,0.5384615384615384
192.168.29.190,192.168.29.1,TCP,0.082826,859,13,0.4935972060535506,0.5384615384615384
192.168.29.190,192.168.29.1,TCP,0.09767,810,13,0.5234567901234568,0.5384615384615384
192.168.29.98,192.168.29.255,UDP,0.0,367,1,1.0,1.0
192.168.29.190,104.18.156.37,TCP,0.034048,24808,33,0.11899387294421154,0.3939393939393939
192.168.29.98,192.168.29.255,UDP,0.0,367,1,1.0,1.0
192.168.29.190,57.155.141.115,TCP,0.053157,216,4,0.5,0.5
192.168.29.190,20.207.73.85,TCP,30.389923,9002,27,0.4289046878471451,0.48148148148148145
192.168.29.98,192.168.29.255,UDP,0.0,367,1,1.0,1.0
192.168.29.190,20.42.65.85,TCP,1.144004,9256,21,0.3772687986171132,0.47619047619047616
192.168.29.190,192.168.29.1,TCP,0.096694,878,13,0.4886104783599089,0.5384615384615384
192.168.29.190,192.168.29.1,TCP,0.111345,856,13,0.5011682242990654,0.5384615384615384
192.168.29.190,192.168.29.1,TCP,0.110398,844,13,0.5082938388625592,0.5384615384615384
192.168.29.190,192.168.29.1,TCP,0.107045,917,13,0.4787350054525627,0.5384615384615384
192.168.29.190,192.168.29.1,TCP,0.106303,852,13,0.5152582159624414,0.5384615384615384
192.168.29.190,192.168.29.1,TCP,0.070848,894,14,0.5514541387024608,0.5714285714285714
192.168.29.190,140.82.114.21,TCP,0.26655,121,2,0.45454545454545453,0.5
192.168.29.98,192.168.29.255,UDP,0.0,367,1,1.0,1.0
192.168.29.190,20.42.65.93,TCP,0.765111,4133,10,0.9012823614807646,0.5
192.168.29.190,192.168.29.1,TCP,0.078801,845,13,0.5029585798816568,0.5384615384615384
192.168.29.190,192.168.29.1,TCP,0.078921,942,13,0.45116772823779194,0.5384615384615384
192.168.29.190,192.168.29.1,TCP,0.096615,1086,13,0.39134438305709024,0.5384615384615384
140.82.112.25,192.168.29.190,TCP,0.284244,218,3,0.6146788990825688,0.6666666666666666
192.168.29.190,192.168.29.1,TCP,0.079702,845,13,0.4982248520710059,0.5384615384615384
192.168.29.190,192.168.29.1,TCP,0.099723,900,13,0.4677777777777778,0.5384615384615384
192.168.29.190,192.168.29.1,TCP,0.07955,964,13,0.4367219917012448,0.5384615384615384
192.168.29.98,192.168.29.255,UDP,0.0,367,1,1.0,1.0
192.168.29.190,140.82.113.21,TCP,1.400221,11997,26,0.39876635825623075,0.46153846153846156
192.168.29.190,192.168.29.1,TCP,0.08946,873,14,0.5475372279495991,0.5714285714285714
192.168.29.190,192.168.29.1,TCP,0.092834,876,14,0.545662100456621,0.5714285714285714
192.168.29.190,192.168.29.1,TCP,0.099453,922,13,0.4598698481561822,0.5384615384615384
192.168.29.190,192.168.29.1,TCP,0.09968,913,14,0.5235487404162102,0.5714285714285714
192.168.29.190,192.168.29.1,TCP,0.100146,913,14,0.5235487404162102,0.5714285714285714
192.168.29.190,192.168.29.1,TCP,0.113674,864,14,0.5532407407407407,0.5714285714285714
192.168.29.190,192.168.29.1,TCP,0.1142,977,14,0.4953940634595701,0.5714285714285714
192.168.29.190,192.168.29.1,TCP,0.114248,977,14,0.4953940634595701,0.5714285714285714
192.168.29.190,192.168.29.1,TCP,0.116279,909,14,0.5324532453245324,0.5714285714285714
192.168.29.190,34.139.124.58,TCP,0.256123,162,3,0.6666666666666666,0.6666666666666666
192.168.29.190,140.82.113.21,TCP,1.374631,17919,25,0.6051118924047101,0.48
192.168.29.98,192.168.29.255,UDP,0.0,367,1,1.0,1.0
192.168.29.190,104.18.156.37,TCP,0.017727,121,2,0.45454545454545453,0.5
192.168.29.1,192.168.29.190,UDP,0.0,43,1,1.0,1.0
192.168.29.190,52.167.249.196,TCP,1.49872,6842,23,0.2854428529669687,0.5217391304347826
